primary_label,secondary_labels,count
grasal3,grekis,16
saffin,grekis,16
socfly1,grekis,15
rufhor2,grekis,15
bncfly,whtdov,15
strcuc1,grekis,15
greant1,whtdov,14
bobfly1,grekis,14
yebela1,trokin,14
fusfly1,whtdov,13
picpig2,grekis,12
yebela1,grekis,12
fabwre1,undtin1,12
masgna1,whtdov,11
crbthr1,whtdov,11
yeofly1,whtdov,11
crbthr1,rufhor2,11
grasal3,whtdov,11
paltan1,grekis,10
grasal3,gretho2,10
compot1,compau,10
barant1,grekis,10
trokin,grekis,10
crbthr1,picpig2,10
gretho2,grekis,10
yeofly1,grekis,10
whtdov,grekis,10
strcuc1,whtdov,9
crbthr1,houspa,9
saytan1,whtdov,9
shcfly1,grekis,9
thlwre1,whtdov,9
saytan1,grekis,9
paltan1,yecpar,9
pirfly1,grekis,9
crbthr1,yecpar,9
glteme1,grekis,9
fusfly1,undtin1,9
greant1,grekis,9
chobla1,rufhor2,9
sofspi1,grekis,9
litnig1,compau,9
barant1,banana,9
bobfly1,whtdov,9
larela1,grekis,9
linwoo1,grekis,8
sobtyr1,grekis,8
stbwoo2,undtin1,8
chvcon1,grekis,8
grasal3,rufhor2,8
yecpar,grekis,8
toctou1,grekis,8
undtin1,grekis,8
stbwoo2,whtdov,8
bkcdon,grekis,8
pirfly1,swtman1,8
whtdov,undtin1,8
picpig2,yecpar,8
ruftof1,undtin1,8
saffin,houspa,8
chvcon1,scadov1,7
yecpar,undtin1,7
astcra1,grekis,7
eulfly1,yeofly1,7
flawar1,undtin1,7
greant1,grfdov1,7
chobla1,whtdov,7
linwoo1,whtdov,7
greela,whtdov,7
pirfly1,bobfly1,7
oliwoo1,whtdov,7
picpig2,saffin,7
rufgna3,swtman1,7
whlspi1,undtin1,7
watjac1,grekis,7
bncfly,grekis,7
saffin,rufhor2,7
roahaw,grekis,7
pvttyr1,whtdov,7
brcmar1,rufhor2,7
saytan1,picpig2,7
batbel1,swtman1,7
sofspi1,plasla1,7
scther1,swtman1,7
socfly1,whtdov,7
barant1,scadov1,7
trokin,bncfly,7
swtman1,batbel1,7
barant1,grasal3,7
yecpar,whtdov,6
yecpar,saffin,6
rufgna3,whbwar2,6
rufgna3,batbel1,6
rufcas2,undtin1,6
rufhor2,chobla1,6
eulfly1,whtdov,6
pvttyr1,picpig2,6
rinkin1,grekis,6
plasla1,flawar1,6
rufhor2,whtdov,6
epaori4,saffin,6
trsowl,compau,6
pirfly1,batbel1,6
bncfly,roahaw,6
fusfly1,scadov1,6
pirfly1,banana,6
thlwre1,grekis,6
thlwre1,undtin1,6
fusfly1,greant1,6
barant1,saffin,6
fepowl,whtdov,6
flawar1,plasla1,6
pluibi1,baymac,6
plasla1,grekis,6
chbmoc1,rufhor2,6
masgna1,grekis,6
sofspi1,crbthr1,6
magant1,fabwre1,6
limpki,grekis,6
socfly1,trokin,6
lesela1,yebela1,6
larela1,yecpar,6
rubthr1,grekis,6
rubthr1,rufhor2,6
rebscy1,rufhor2,6
crbthr1,grekis,6
strher2,grekis,6
whtdov,yecpar,6
whtdov,bncfly,6
barant1,socfly1,6
grasal3,sofspi1,6
saytan1,rufhor2,6
saytan1,rubthr1,6
scther1,batbel1,6
bufpar,yecpar,6
litcuc2,whtdov,6
sofspi1,whtdov,6
yebela1,whtdov,6
oliwoo1,saytan1,6
shtnig1,compau,6
sibtan2,undtin1,6
sibtan2,whtdov,6
squcuc1,whtdov,6
greani1,grekis,6
greant1,undtin1,6
oliwoo1,rubthr1,6
sobcac1,grasal3,6
greela,undtin1,6
grekis,trokin,6
gretho2,rufhor2,6
sofspi1,rufhor2,6
grfdov1,swtman1,6
sofspi1,picpig2,6
pvttyr1,plasla1,5
varant1,sofspi1,5
pluibi1,whtdov,5
yeofly1,swtman1,5
rebscy1,whtdov,5
epaori4,grekis,5
trokin,yebela1,5
trsowl,compot1,5
barant1,pirfly1,5
rufhor2,smbani,5
rufhor2,saffin,5
brcmar1,soulap1,5
swtman1,rubthr1,5
swtman1,souant1,5
flawar1,whtdov,5
fusfly1,shcfly1,5
toctou1,yecpar,5
barant1,yebela1,5
barant1,whtdov,5
chvcon1,whtdov,5
eulfly1,whbwar2,5
toctou1,undtin1,5
toctou1,whtdov,5
pluibi1,chobla1,5
rufnig1,compau,5
oliwoo1,fepowl,5
saffin,whtdov,5
shcfly1,picpig2,5
scadov1,saffin,5
rutjac1,whtdov,5
pabspi1,grekis,5
saffin,yecpar,5
paltan1,rufhor2,5
grasal3,picpig2,5
y00678,grekis,5
grasal3,soulap1,5
whtdov,grasal3,5
bncfly,bncfly,5
swthum1,grekis,5
chobla1,grekis,5
chobla1,yecpar,5
swtman1,whbwar2,5
whtdov,trokin,5
baymac,grekis,5
glteme1,scadov1,5
whtdov,flawar1,5
watjac1,soulap1,5
paltan1,chobla1,5
thlwre1,grfdov1,5
saffin,picpig2,5
rumfly1,grekis,5
rumfly1,sibtan2,5
pirfly1,socfly1,5
pirfly1,trokin,5
grasal3,thlwre1,5
masgna1,grasal3,5
chobla1,baymac,5
litcuc2,yecpar,5
shcfly1,whtdov,5
sobtyr1,houspa,5
linwoo1,undtin1,5
masgna1,saffin,5
greant1,grasal3,5
stbwoo2,grekis,5
stbwoo2,pirfly1,5
gretho2,grasal3,5
greant1,barant1,5
greani1,grfdov1,5
greant1,socfly1,5
smbani,grekis,5
scadov1,grekis,5
masgna1,bncfly,5
greant1,yecpar,5
sobtyr1,whtdov,5
sofspi1,scadov1,5
magant1,grasal3,5
camfli1,grekis,5
chbmoc1,saffin,5
greela,grekis,5
sofspi1,barant1,5
spbant3,undtin1,5
eulfly1,crbthr1,5
varant1,grekis,5
gretho2,whtdov,5
rinkin1,trokin,5
bobfly1,socfly1,5
crbthr1,rubthr1,5
yecmac,grekis,5
varant1,rubthr1,5
coffal1,whtdov,4
coffal1,undtin1,4
crbthr1,saytan1,4
crbthr1,saffin,4
yeofly1,flawar1,4
yeofly1,picpig2,4
fepowl,bobfly1,4
varant1,sobtyr1,4
varant1,picpig2,4
ashgre1,whtdov,4
yecmac,chobla1,4
fabwre1,whtdov,4
fabwre1,grfdov1,4
bobfly1,undtin1,4
bobfly1,trokin,4
rubthr1,picpig2,4
roahaw,whtdov,4
eulfly1,picpig2,4
coffal1,sobtyr1,4
coffal1,roahaw,4
coffal1,orwpar,4
crbthr1,trokin,4
chbmoc1,grekis,4
sofspi1,rubthr1,4
chbmoc1,chobla1,4
grfdov1,banana,4
larela1,trokin,4
larela1,rubthr1,4
larela1,grasal3,4
larela1,barant1,4
hyamac1,chacha1,4
sobtyr1,roahaw,4
bkcdon,greant1,4
chacha1,grekis,4
horscr1,scadov1,4
limpki,trokin,4
limpki,rufhor2,4
camfli1,rufhor2,4
magant1,barant1,4
greela,tattin1,4
whbwar2,batbel1,4
banana,paltan1,4
sofspi1,flawar1,4
spbant3,whbwar2,4
greela,strcuc1,4
gycwor1,rufhor2,4
gycwor1,grekis,4
grfdov1,whtdov,4
litnig1,rufnig1,4
litcuc2,barant1,4
shcfly1,undtin1,4
sobtyr1,grasal3,4
sobtyr1,bncfly,4
sobcac1,rufhor2,4
sobcac1,baymac,4
linwoo1,saffin,4
masgna1,rufhor2,4
bbwduc,trokin,4
bbwduc,soulap1,4
greant1,rumfly1,4
whtdov,rufhor2,4
yebela1,relser1,4
greant1,pirfly1,4
greant1,picpig2,4
greela,yeofly1,4
masgna1,picpig2,4
masgna1,barant1,4
bunibi1,grekis,4
magant1,whtdov,4
scadov1,houspa,4
oliwoo1,undtin1,4
oliwoo1,rutjac1,4
strcuc1,yebela1,4
squcuc1,grekis,4
bbwduc,grekis,4
baymac,yecpar,4
strcuc1,pirfly1,4
greant1,bobfly1,4
greani1,undtin1,4
greant1,sofspi1,4
souscr1,grekis,4
bufpar,whtdov,4
masgna1,yecpar,4
masgna1,undtin1,4
masgna1,soulap1,4
schpar1,whtdov,4
palhor3,grekis,4
pabspi1,soulap1,4
pabspi1,gretho2,4
orbtro3,yecpar,4
bufpar,grekis,4
orbtro3,whtdov,4
whnjay1,flawar1,4
rutjac1,undtin1,4
rutjac1,trokin,4
saytan1,yecpar,4
saytan1,banana,4
baffal1,whbwar2,4
whwpic1,undtin1,4
grasal3,saffin,4
grasal3,grfdov1,4
grasal3,greant1,4
chvcon1,bncfly,4
strcuc1,grasal3,4
baymac,rufhor2,4
baymac,pluibi1,4
swthum1,saffin,4
swthum1,picpig2,4
whwpic1,grekis,4
saffin,brcmar1,4
saffin,batbel1,4
banana,bobfly1,4
wfwduc1,souscr1,4
whtdov,chobla1,4
whtdov,sofspi1,4
bucmot4,undtin1,4
glteme1,plasla1,4
glteme1,banana,4
giwrai1,rufhor2,4
baymac,grasal3,4
baymac,chobla1,4
barant1,sofspi1,4
gilhum1,yecpar,4
grasal3,undtin1,4
grasal3,trokin,4
paltan1,banana,4
ruther1,limpki,4
rumfly1,whtdov,4
rumfly1,saffin,4
bncfly,relser1,4
ruftof1,whtdov,4
saffin,sobtyr1,4
pluibi1,grekis,4
gilhum1,undtin1,4
gilhum1,soulap1,4
gilhum1,saffin,4
gilhum1,grekis,4
barant1,yecpar,4
thlwre1,grasal3,4
fusfly1,grekis,4
chobla1,soulap1,4
coffal1,fepowl,4
coffal1,compau,4
flawar1,sofspi1,4
flawar1,pvttyr1,4
barant1,undtin1,4
barant1,pvttyr1,4
fepowl,undtin1,4
plasla1,greela,4
rubthr1,saffin,4
ruftof1,grekis,4
bncfly,trokin,4
brnowl,fepowl,4
pvttyr1,undtin1,4
epaori4,grasal3,4
undtin1,flawar1,4
trsowl,soulap1,4
trsowl,saffin,4
trsowl,fepowl,4
varant1,whbwar2,4
epaori4,banana,4
crebec1,undtin1,4
pvttyr1,grekis,4
pvttyr1,flawar1,4
rubthr1,whbwar2,4
rubthr1,swtman1,4
brcmar1,grekis,4
recfin1,whtdov,4
recfin1,undtin1,4
recfin1,trokin,4
yeofly1,yecpar,4
yecpar,chobla1,4
yecpar,baymac,4
yecmac,yecpar,4
compau,litnig1,4
yeofly1,soulap1,4
yeofly1,shcfly1,4
yeofly1,fabwre1,4
yeofly1,whbwar2,4
eulfly1,souant1,4
coffal1,bucmot4,3
326272,25092,3
yeofly1,scadov1,3
yecpar,houspa,3
yecpar,picpig2,3
yecpar,thlwre1,3
yeofly1,rutjac1,3
326272,24279,3
fepowl,bncfly,3
fabwre1,thlwre1,3
fabwre1,plcjay1,3
fabwre1,fusfly1,3
fabwre1,barant1,3
astcra1,yecpar,3
yebcar,grekis,3
y00678,yecpar,3
y00678,whtdov,3
epaori4,picpig2,3
epaori4,fepowl,3
trsowl,rufhor2,3
trsowl,grekis,3
trokin,undtin1,3
rufhor2,banana,3
rufcac2,undtin1,3
rufcac2,grasal3,3
bobfly1,greant1,3
rubthr1,yecpar,3
rubthr1,saytan1,3
pvttyr1,crbthr1,3
brcmar1,grasal3,3
brcmar1,chacha1,3
redjun,houspa,3
recfin1,sofspi1,3
recfin1,epaori4,3
recfin1,crbthr1,3
rebscy1,undtin1,3
rebscy1,thlwre1,3
bobfly1,scadov1,3
bncfly,sobtyr1,3
bncfly,saffin,3
rufhor2,fepowl,3
rufhor2,crbthr1,3
rutjac1,flawar1,3
brcmar1,yecpar,3
plasla1,ashgre1,3
pirfly1,whtdov,3
rebscy1,bobfly1,3
pvttyr1,masgna1,3
pvttyr1,gretho2,3
pvttyr1,grasal3,3
pvttyr1,fepowl,3
rinkin1,grasal3,3
relser1,whtdov,3
rufhor2,baymac,3
rumfly1,picpig2,3
ruftof1,scadov1,3
saffin,gretho2,3
pirfly1,rubthr1,3
pirfly1,relser1,3
bucmot4,saffin,3
bucmot4,grfdov1,3
bucmot4,grekis,3
pluibi1,souscr1,3
plasla1,rutjac1,3
plasla1,plasla1,3
plasla1,picpig2,3
ruftof1,picpig2,3
rufnig1,litnig1,3
rufhor2,picpig2,3
bncfly,tattin1,3
banana,grekis,3
varant1,yeofly1,3
whtdov,baymac,3
whnjay1,whtdov,3
whnjay1,grekis,3
whtdov,yebela1,3
whtdov,socfly1,3
paltan1,baymac,3
palhor3,undtin1,3
pirfly1,undtin1,3
pirfly1,strcuc1,3
pirfly1,stbwoo2,3
pirfly1,saytan1,3
ruther1,chobla1,3
rumfly1,yecpar,3
rumfly1,undtin1,3
saytan1,soulap1,3
saytan1,houspa,3
saytan1,chobla1,3
saytan1,bobfly1,3
picpig2,rufhor2,3
picpig2,chobla1,3
paltan1,trokin,3
paltan1,scadov1,3
bucpar,whtdov,3
whlspi1,thlwre1,3
banana,ashgre1,3
baffal1,undtin1,3
baffal1,relser1,3
whlspi1,grekis,3
whwpic1,fepowl,3
saffin,chacha1,3
scther1,whtdov,3
scther1,whbwar2,3
blheag1,swtman1,3
scadov1,whtdov,3
pabspi1,whtdov,3
pabspi1,strcuc1,3
pabspi1,saffin,3
pabspi1,pirfly1,3
bufpar,schpar1,3
bufpar,picpig2,3
orbtro3,undtin1,3
orbtro3,thlwre1,3
orbtro3,grekis,3
sabspa1,grekis,3
rutjac1,plasla1,3
rutjac1,pirfly1,3
bkcdon,yecpar,3
bkcdon,whtdov,3
shcfly1,yebela1,3
magant1,thlwre1,3
magant1,sibtan2,3
oliwoo1,yeofly1,3
oliwoo1,rufgna3,3
oliwoo1,plasla1,3
oliwoo1,eulfly1,3
saffin,undtin1,3
saffin,trokin,3
saffin,sofspi1,3
shcfly1,soulap1,3
shcfly1,roahaw,3
shcfly1,pirfly1,3
shcfly1,fepowl,3
bkcdon,soulap1,3
bkcdon,rutjac1,3
smbtin1,yecpar,3
smbtin1,undtin1,3
masgna1,sofspi1,3
masgna1,pvttyr1,3
masgna1,gilhum1,3
masgna1,chacha1,3
masgna1,banana,3
smbani,trokin,3
smbani,rufhor2,3
smbani,grasal3,3
sibtan2,yecpar,3
shtnig1,shcfly1,3
shtnig1,compot1,3
shcfly1,yecpar,3
linwoo1,paltan1,3
linwoo1,grfdov1,3
linwoo1,bobfly1,3
limpki,yecpar,3
camfli1,undtin1,3
lesela1,grekis,3
larela1,varant1,3
magant1,grekis,3
litnig1,fepowl,3
bunibi1,yecpar,3
linwoo1,yeofly1,3
linwoo1,yecpar,3
sobtyr1,orwpar,3
sobtyr1,greant1,3
sobcac1,whtdov,3
sobcac1,chobla1,3
chacha1,rufhor2,3
smbtin1,saffin,3
socfly1,grasal3,3
socfly1,bobfly1,3
sobtyr1,yecpar,3
sobtyr1,saffin,3
bkcdon,chobla1,3
bkcdon,baymac,3
sobtyr1,relser1,3
sobtyr1,redjun,3
sobtyr1,pvttyr1,3
sofspi1,saffin,3
chacha1,picpig2,3
chacha1,bufpar,3
horscr1,saffin,3
linwoo1,picpig2,3
sofspi1,grasal3,3
banana,redjun,3
varant1,grasal3,3
varant1,batbel1,3
undtin1,whtdov,3
undtin1,rutjac1,3
whlspi1,grasal3,3
whlspi1,chacha1,3
whiwoo1,yecpar,3
whiwoo1,rufhor2,3
chbmoc1,barant1,3
chacha1,whtdov,3
larela1,saffin,3
larela1,greant1,3
larela1,ashgre1,3
hyamac1,chobla1,3
whiwoo1,grekis,3
whbwar2,varant1,3
whbwar2,swtman1,3
bkcdon,astcra1,3
sofspi1,bncfly,3
socfly1,yebela1,3
spispi1,bobfly1,3
souscr1,whtdov,3
greela,plasla1,3
horscr1,bkcdon,3
grhtan1,undtin1,3
grhtan1,flawar1,3
grfdov1,undtin1,3
grfdov1,grekis,3
sofspi1,relser1,3
sofspi1,gretho2,3
whtdov,shcfly1,3
whtdov,picpig2,3
whtdov,masgna1,3
whtdov,gretho2,3
yebela1,soulap1,3
yebela1,saytan1,3
yebela1,saffin,3
yebela1,rumfly1,3
yebela1,pirfly1,3
yebela1,picpig2,3
yebela1,houspa,3
greant1,gretho2,3
grepot1,compau,3
grekis,socfly1,3
chbmoc1,whtdov,3
whiwoo1,picpig2,3
greant1,yebela1,3
souscr1,soulap1,3
souscr1,smbani,3
souscr1,rufhor2,3
souscr1,gretho2,3
soulap1,grekis,3
souant1,whtdov,3
souant1,flawar1,3
sofspi1,soulap1,3
stbwoo2,greant1,3
stbwoo2,coffal1,3
greant1,scadov1,3
greant1,rufhor2,3
greant1,rufcas2,3
greant1,relser1,3
baffal1,batbel1,3
squcuc1,grfdov1,3
spispi1,rubthr1,3
bbwduc,chobla1,3
bbwduc,barant1,3
baymac,whtdov,3
baymac,undtin1,3
spispi1,grekis,3
strcuc1,rufhor2,3
strcuc1,rubthr1,3
strcuc1,pluibi1,3
chobla1,chacha1,3
chobla1,bufpar,3
greant1,chacha1,3
greani1,whtdov,3
greani1,rumfly1,3
greani1,pirfly1,3
barant1,sibtan2,3
tattin1,grekis,3
swtman1,toctou1,3
swtman1,spbant3,3
gilhum1,whtdov,3
grasal3,masgna1,3
chobla1,grasal3,3
strcuc1,grfdov1,3
strcuc1,gretho2,3
strcuc1,compau,3
strcuc1,chobla1,3
baymac,saffin,3
stbwoo2,sibtan2,3
swthum1,rufhor2,3
strher2,rufhor2,3
squcuc1,yeofly1,3
thlwre1,yecpar,3
thlwre1,saytan1,3
thlwre1,rufhor2,3
chvcon1,saffin,3
fusfly1,picpig2,3
glteme1,yecpar,3
glteme1,undtin1,3
glteme1,smbtin1,3
glteme1,roahaw,3
glteme1,masgna1,3
chvcon1,picpig2,3
giwrai1,soulap1,3
strcuc1,trokin,3
strcuc1,soulap1,3
strcuc1,sobtyr1,3
strcuc1,smbani,3
toctou1,chacha1,3
barant1,rufhor2,3
barant1,relser1,3
cibspi1,grekis,3
flawar1,batbel1,3
fepowl,trokin,3
fepowl,grekis,3
gilhum1,saytan1,3
fusfly1,rumfly1,3
chvcon1,yecpar,3
swtman1,rivwar1,3
swthum1,whtdov,3
swthum1,undtin1,3
batbel1,rubthr1,3
batbel1,banana,3
barant1,picpig2,3
barant1,gretho2,3
trokin,socfly1,3
varant1,whtdov,3
crebec1,whtdov,3
eulfly1,undtin1,3
fusfly1,fepowl,3
fusfly1,fabwre1,3
fusfly1,batbel1,3
flawar1,roahaw,3
barant1,trokin,3
barant1,thlwre1,3
barant1,strcuc1,3
barant1,soulap1,3
trokin,pirfly1,3
toctou1,rumfly1,3
toctou1,orwpar,3
crbthr1,chobla1,3
eulfly1,swtman1,3
compau,trokin,3
yeofly1,undtin1,3
yeofly1,thlwre1,3
yeofly1,greant1,3
yeofly1,greela,3
24279,326272,3
fepowl,glteme1,3
varant1,socfly1,3
varant1,saytan1,3
varant1,rufhor2,3
banana,saffin,3
yecmac,thlwre1,3
ashgre1,rutjac1,3
yecmac,paltan1,3
rubthr1,banana,3
rivwar1,batbel1,3
rinkin1,pirfly1,3
bobfly1,saffin,3
bobfly1,rufhor2,3
bobfly1,roahaw,3
bobfly1,plasla1,3
yeofly1,plasla1,3
eulfly1,saytan1,3
eulfly1,rutjac1,3
eulfly1,rubthr1,3
eulfly1,plasla1,3
eulfly1,fepowl,3
eulfly1,batbel1,3
epaori4,whtdov,3
epaori4,thlwre1,3
ashgre1,rumfly1,2
yeofly1,crbthr1,2
yeofly1,fepowl,2
yeofly1,grasal3,2
yeofly1,grfdov1,2
crbthr1,fepowl,2
yeofly1,relser1,2
yeofly1,rumfly1,2
yeofly1,saffin,2
yeofly1,varant1,2
24279,67107,2
ashgre1,chacha1,2
yecpar,soulap1,2
yecpar,toctou1,2
yeofly1,banana,2
yeofly1,barant1,2
yeofly1,bobfly1,2
yecpar,chacha1,2
yecpar,flawar1,2
yecpar,roahaw,2
yecpar,rufhor2,2
coffal1,toctou1,2
compot1,bucmot4,2
compot1,coffal1,2
compot1,trsowl,2
crbthr1,bucmot4,2
crbthr1,chbmoc1,2
yecpar,rumfly1,2
yecpar,saytan1,2
ashgre1,trokin,2
astcra1,chobla1,2
yebela1,yecpar,2
yecmac,rufhor2,2
yebela1,rubthr1,2
yebela1,scadov1,2
yebela1,smbani,2
crbthr1,flawar1,2
crbthr1,orwpar,2
crbthr1,plasla1,2
crbthr1,scadov1,2
yebela1,sobtyr1,2
yebela1,socfly1,2
astcra1,sobtyr1,2
astcra1,yebela1,2
yebela1,grasal3,2
yebela1,bobfly1,2
astcra1,picpig2,2
y00678,trokin,2
y00678,undtin1,2
whwpic1,whtdov,2
y00678,masgna1,2
y00678,rufhor2,2
coffal1,varant1,2
coffal1,yecpar,2
compau,limpki,2
crbthr1,sofspi1,2
y00678,scadov1,2
whwpic1,greant1,2
whwpic1,grfdov1,2
whwpic1,picpig2,2
whwpic1,saffin,2
whwpic1,scadov1,2
whtdov,tattin1,2
whtdov,whtdov,2
whwpic1,chobla1,2
baffal1,bucmot4,2
baffal1,eulfly1,2
whtdov,soulap1,2
whtdov,souscr1,2
crebec1,greant1,2
crebec1,grekis,2
crebec1,spbant3,2
whtdov,rubthr1,2
bafcur1,grekis,2
whtdov,crbthr1,2
whtdov,fepowl,2
whtdov,houspa,2
whtdov,paltan1,2
whtdov,pirfly1,2
whtdov,pluibi1,2
whtdov,bobfly1,2
whiwoo1,varant1,2
whlspi1,bncfly,2
coffal1,oliwoo1,2
epaori4,bncfly,2
epaori4,chobla1,2
epaori4,gretho2,2
whiwoo1,chobla1,2
whiwoo1,greant1,2
whiwoo1,redjun,2
whiwoo1,saffin,2
whbwar2,eulfly1,2
whbwar2,grekis,2
whbwar2,oliwoo1,2
whbwar2,rubthr1,2
banana,greant1,2
banana,picpig2,2
banana,pirfly1,2
whbant2,batbel1,2
epaori4,rumfly1,2
epaori4,shcfly1,2
epaori4,sofspi1,2
epaori4,yecpar,2
whbant2,rufgna3,2
wfwduc1,grekis,2
wfwduc1,watjac1,2
banana,batbel1,2
wesfie1,banana,2
wesfie1,barant1,2
wesfie1,fabwre1,2
varant1,swtman1,2
watjac1,bkcdon,2
watjac1,chobla1,2
banana,scadov1,2
banana,thlwre1,2
banana,trokin,2
banana,whtdov,2
banana,yebela1,2
banana,yecpar,2
varant1,pvttyr1,2
coffal1,plasla1,2
coffal1,purjay1,2
coffal1,saffin,2
coffal1,socfly1,2
eulfly1,compot1,2
eulfly1,flawar1,2
eulfly1,gilhum1,2
undtin1,yeofly1,2
varant1,banana,2
varant1,eulfly1,2
varant1,gretho2,2
banana,rumfly1,2
eulfly1,grekis,2
eulfly1,hyamac1,2
undtin1,picpig2,2
undtin1,pvttyr1,2
undtin1,rufhor2,2
undtin1,sibtan2,2
undtin1,ashgre1,2
undtin1,eulfly1,2
undtin1,greant1,2
undtin1,oliwoo1,2
trokin,whtdov,2
trsowl,bucmot4,2
trsowl,giwrai1,2
trsowl,gycwor1,2
trsowl,rubthr1,2
eulfly1,thlwre1,2
cibspi1,whtdov,2
cibspi1,yebela1,2
barant1,chobla1,2
barant1,greant1,2
barant1,houspa,2
trokin,chobla1,2
trokin,compau,2
trokin,houspa,2
trokin,rubthr1,2
trokin,rufhor2,2
trokin,saffin,2
trokin,sibtan2,2
toctou1,sibtan2,2
toctou1,trokin,2
trokin,barant1,2
fabwre1,grekis,2
fabwre1,magant1,2
toctou1,picpig2,2
toctou1,roahaw,2
toctou1,rufhor2,2
toctou1,saffin,2
toctou1,scadov1,2
toctou1,shcfly1,2
barant1,magant1,2
barant1,palhor3,2
barant1,ruftho1,2
barant1,saytan1,2
toctou1,chobla1,2
thlwre1,rumfly1,2
thlwre1,soulap1,2
ficman1,undtin1,2
fepowl,bucmot4,2
fepowl,compau,2
fepowl,compot1,2
thlwre1,whwpic1,2
tattin1,yeofly1,2
thlwre1,chobla1,2
thlwre1,greant1,2
tattin1,sofspi1,2
tattin1,bucmot4,2
tattin1,plcjay1,2
tattin1,pvttyr1,2
tattin1,rubthr1,2
swtman1,grekis,2
swtman1,oliwoo1,2
swtman1,sobtyr1,2
swtman1,varant1,2
fepowl,rufhor2,2
swtman1,whtdov,2
swtman1,yeofly1,2
swthum1,sobtyr1,2
strher2,soulap1,2
strher2,undtin1,2
strher2,yecpar,2
swthum1,banana,2
swthum1,relser1,2
strcuc1,undtin1,2
strcuc1,yeofly1,2
strher2,grasal3,2
baymac,bunibi1,2
baymac,greant1,2
strcuc1,houspa,2
flawar1,grekis,2
ficman1,whtdov,2
flawar1,banana,2
flawar1,bncfly,2
flawar1,fepowl,2
baymac,roahaw,2
baymac,rumfly1,2
baymac,scadov1,2
baymac,sibtan2,2
baymac,souscr1,2
baymac,stbwoo2,2
stbwoo2,thlwre1,2
strcuc1,banana,2
strcuc1,barant1,2
strcuc1,brcmar1,2
baymac,picpig2,2
stbwoo2,pvttyr1,2
stbwoo2,soulap1,2
cibspi1,fabwre1,2
cibspi1,sibtan2,2
stbwoo2,fabwre1,2
stbwoo2,larela1,2
squcuc1,sobtyr1,2
squcuc1,trokin,2
squcuc1,undtin1,2
squcuc1,plasla1,2
squcuc1,rufhor2,2
squcuc1,rumfly1,2
squcuc1,saytan1,2
squcuc1,scadov1,2
spispi1,swtman1,2
spispi1,trokin,2
squcuc1,banana,2
squcuc1,brcmar1,2
fotfly,saytan1,2
flawar1,pirfly1,2
flawar1,purjay1,2
flawar1,rutjac1,2
squcuc1,bucmot4,2
baymac,thlwre1,2
bbwduc,bncfly,2
bbwduc,limpki,2
spispi1,roahaw,2
spbant3,batbel1,2
spbant3,rubthr1,2
spbant3,swtman1,2
spispi1,batbel1,2
soulap1,whtdov,2
soulap1,yecpar,2
souscr1,bkcdon,2
souscr1,chobla1,2
souscr1,pluibi1,2
souscr1,undtin1,2
souscr1,watjac1,2
bbwduc,whtdov,2
bbwduc,yecpar,2
bcwfin2,bucpar,2
bcwfin2,grasal3,2
soulap1,trokin,2
soulap1,undtin1,2
soulap1,watjac1,2
bbwduc,saffin,2
bbwduc,socfly1,2
souant1,swtman1,2
souant1,whbwar2,2
soulap1,bbwduc,2
fotfly,socfly1,2
fotfly,soulap1,2
fotfly,trokin,2
fotfly,yecpar,2
fusfly1,barant1,2
fusfly1,bunibi1,2
sofspi1,varant1,2
sofspi1,yebela1,2
sofspi1,yecpar,2
souant1,greela,2
souant1,plasla1,2
souant1,rutjac1,2
sofspi1,fepowl,2
sofspi1,pvttyr1,2
sofspi1,recfin1,2
sofspi1,sobcac1,2
fusfly1,strcuc1,2
fusfly1,swtman1,2
fusfly1,plasla1,2
fusfly1,rebscy1,2
fusfly1,rubthr1,2
bcwfin2,masgna1,2
bcwfin2,rufhor2,2
bcwfin2,soulap1,2
sofspi1,chobla1,2
socfly1,scadov1,2
socfly1,shcfly1,2
socfly1,soulap1,2
socfly1,yecpar,2
sofspi1,bufpar,2
chvcon1,sibtan2,2
bcwfin2,grekis,2
bcwfin2,gretho2,2
socfly1,compau,2
socfly1,fepowl,2
socfly1,greant1,2
socfly1,pirfly1,2
sobtyr1,scadov1,2
sobtyr1,soulap1,2
sobtyr1,stbwoo2,2
sobtyr1,trokin,2
sobtyr1,undtin1,2
sobtyr1,yebela1,2
socfly1,banana,2
socfly1,barant1,2
socfly1,batbel1,2
fusfly1,varant1,2
fusfly1,yecpar,2
gilhum1,baymac,2
gilhum1,epaori4,2
gilhum1,fepowl,2
socfly1,bncfly,2
bkcdon,chacha1,2
bkcdon,grfdov1,2
bkcdon,orwpar,2
sobtyr1,rubthr1,2
sobtyr1,rufhor2,2
sobtyr1,glteme1,2
sobtyr1,masgna1,2
sobtyr1,pabspi1,2
sobtyr1,paltan1,2
bkcdon,scadov1,2
bkcdon,smbani,2
bkcdon,sobcac1,2
bkcdon,sobtyr1,2
bkcdon,souscr1,2
bkcdon,strcuc1,2
sobcac1,greant1,2
sobcac1,grekis,2
sobcac1,gretho2,2
gilhum1,swthum1,2
sobcac1,grfdov1,2
smbtin1,lesela1,2
smbtin1,litnig1,2
bkcdon,rufhor2,2
smbani,linwoo1,2
smbani,sibtan2,2
smbani,soulap1,2
smbani,strcuc1,2
smbani,undtin1,2
glteme1,chobla1,2
giwrai1,chobla1,2
giwrai1,grekis,2
giwrai1,gretho2,2
giwrai1,strcuc1,2
chvcon1,bunibi1,2
smbtin1,bncfly,2
sibtan2,trokin,2
sibtan2,whwpic1,2
smbani,chobla1,2
smbani,horscr1,2
sibtan2,pirfly1,2
sibtan2,rutjac1,2
sibtan2,banana,2
sibtan2,barant1,2
sibtan2,bncfly,2
sibtan2,bucmot4,2
glteme1,soulap1,2
chvcon1,greant1,2
blchaw1,chacha1,2
blchaw1,grasal3,2
blchaw1,grekis,2
shtnig1,bucmot4,2
shcfly1,rubthr1,2
shcfly1,rufhor2,2
shcfly1,watjac1,2
bkcdon,yebela1,2
shcfly1,bobfly1,2
shcfly1,chobla1,2
shcfly1,chvcon1,2
shcfly1,compau,2
shcfly1,grfdov1,2
shcfly1,masgna1,2
grasal3,chacha1,2
glteme1,epaori4,2
glteme1,fepowl,2
glteme1,picpig2,2
glteme1,saffin,2
shcfly1,relser1,2
blchaw1,whtdov,2
blttit1,batbel1,2
shcfly1,banana,2
schpar1,undtin1,2
scther1,rubthr1,2
blchaw1,rufhor2,2
blchaw1,undtin1,2
scadov1,roahaw,2
scadov1,saytan1,2
scadov1,sobtyr1,2
scadov1,sofspi1,2
scadov1,soulap1,2
scadov1,yecpar,2
glteme1,whtdov,2
grasal3,banana,2
grasal3,baymac,2
schpar1,grekis,2
scadov1,barant1,2
saytan1,grfdov1,2
saytan1,rutjac1,2
saytan1,socfly1,2
saytan1,strcuc1,2
saytan1,trokin,2
blttit1,paltan1,2
saytan1,bufpar,2
chobla1,stbwoo2,2
chobla1,undtin1,2
chvcon1,ashgre1,2
saytan1,crbthr1,2
saffin,socfly1,2
saffin,thlwre1,2
blttit1,grekis,2
saffin,grasal3,2
saffin,larela1,2
saffin,saytan1,2
bncfly,bucmot4,2
bncfly,chobla1,2
bncfly,chvcon1,2
bncfly,compot1,2
bncfly,crbthr1,2
greani1,bobfly1,2
grasal3,giwrai1,2
grasal3,palhor3,2
grasal3,pirfly1,2
grasal3,ruftho1,2
sabspa1,undtin1,2
rutjac1,yecpar,2
sabspa1,flawar1,2
bncfly,barant1,2
rutjac1,rutjac1,2
rutjac1,saytan1,2
rutjac1,sibtan2,2
ruther1,paltan1,2
ruther1,roahaw,2
ruther1,whtdov,2
chobla1,picpig2,2
chobla1,pluibi1,2
grasal3,shcfly1,2
grasal3,sibtan2,2
grasal3,sobcac1,2
grasal3,sobtyr1,2
grasal3,tattin1,2
grasal3,yecpar,2
greani1,bkcdon,2
rumfly1,trokin,2
ruther1,baymac,2
ruther1,compot1,2
ruther1,fepowl,2
bncfly,linwoo1,2
bncfly,recfin1,2
rumfly1,grfdov1,2
greant1,bncfly,2
greani1,grasal3,2
greani1,greant1,2
greani1,sibtan2,2
greani1,thlwre1,2
greani1,trokin,2
chobla1,paltan1,2
ruftof1,thlwre1,2
ruftof1,whlspi1,2
rumfly1,banana,2
rumfly1,greant1,2
bncfly,fepowl,2
bncfly,glteme1,2
ruftof1,grasal3,2
ruftof1,ashgre1,2
ruftof1,bucmot4,2
chobla1,gycwor1,2
chobla1,relser1,2
chobla1,saffin,2
chobla1,shcfly1,2
chobla1,smbtin1,2
greani1,yecpar,2
greant1,banana,2
ruftof1,chvcon1,2
rufnig1,bucmot4,2
rufnig1,chobla1,2
rufnig1,fepowl,2
rufnig1,rubthr1,2
rufnig1,undtin1,2
rufhor2,stbwoo2,2
rufhor2,whlspi1,2
rufhor2,yecpar,2
bncfly,saytan1,2
bncfly,scadov1,2
bncfly,smbtin1,2
bncfly,sofspi1,2
bncfly,undtin1,2
bncfly,yecpar,2
rufhor2,grasal3,2
rufhor2,gretho2,2
chobla1,fepowl,2
rufhor2,rubthr1,2
rufhor2,bobfly1,2
rufhor2,brcmar1,2
bncfly,rutjac1,2
rufcas2,ruftof1,2
rufcas2,tattin1,2
rufcas2,whtdov,2
greela,oliwoo1,2
greant1,greant1,2
greant1,plcjay1,2
greant1,rubthr1,2
greant1,saffin,2
greant1,saytan1,2
rufcas2,fabwre1,2
rufcas2,fepowl,2
rufcas2,greant1,2
rufcas2,oliwoo1,2
bobfly1,bunibi1,2
bobfly1,chobla1,2
bobfly1,flawar1,2
rufcac2,picpig2,2
rufcac2,rufhor2,2
rubthr1,souant1,2
rubthr1,soulap1,2
rubthr1,trokin,2
rubthr1,undtin1,2
rubthr1,whtdov,2
bobfly1,barant1,2
chbmoc1,pirfly1,2
greant1,trokin,2
greela,crbthr1,2
greela,flawar1,2
greela,linwoo1,2
bobfly1,bucmot4,2
rubthr1,batbel1,2
rubthr1,crbthr1,2
rubthr1,eulfly1,2
rubthr1,gilhum1,2
roahaw,purjay1,2
roahaw,rufhor2,2
roahaw,scadov1,2
greela,souant1,2
roahaw,trokin,2
roahaw,varant1,2
rivwar1,varant1,2
roahaw,linwoo1,2
rinkin1,socfly1,2
rinkin1,soulap1,2
rinkin1,undtin1,2
rinkin1,whtdov,2
rinkin1,yecpar,2
rivwar1,rubthr1,2
rivwar1,swtman1,2
bobfly1,picpig2,2
bobfly1,pirfly1,2
bobfly1,rumfly1,2
rinkin1,picpig2,2
rinkin1,rufhor2,2
grekis,whtdov,2
chbmoc1,scadov1,2
chbmoc1,soulap1,2
chbmoc1,yecpar,2
greela,varant1,2
grekis,banana,2
rinkin1,fepowl,2
rinkin1,greant1,2
rinkin1,gretho2,2
bobfly1,houspa,2
redjun,redjun,2
relser1,bobfly1,2
relser1,picpig2,2
grekis,houspa,2
grekis,paltan1,2
grekis,rumfly1,2
recfin1,plasla1,2
recfin1,rebscy1,2
recfin1,relser1,2
recfin1,rubthr1,2
recfin1,rufhor2,2
recfin1,toctou1,2
recfin1,yecpar,2
rebscy1,socfly1,2
rebscy1,yecpar,2
recfin1,grasal3,2
recfin1,grekis,2
bobfly1,saytan1,2
bobfly1,tattin1,2
bobfly1,varant1,2
rebscy1,rumfly1,2
rebscy1,saffin,2
gretho2,chacha1,2
gretho2,chobla1,2
rebscy1,fusfly1,2
rebscy1,grasal3,2
rebscy1,recfin1,2
ragmac1,bucmot4,2
ragmac1,undtin1,2
pvttyr1,rubthr1,2
pvttyr1,rutjac1,2
pvttyr1,scadov1,2
pvttyr1,sobtyr1,2
pvttyr1,whlspi1,2
pvttyr1,whnjay1,2
gretho2,soulap1,2
gretho2,trokin,2
greyel,bbwduc,2
greyel,soulap1,2
pvttyr1,bufpar,2
pvttyr1,fusfly1,2
pvttyr1,glteme1,2
pvttyr1,pirfly1,2
pvttyr1,rebscy1,2
brcmar1,gretho2,2
brcmar1,larela1,2
purjay1,undtin1,2
purjay1,whtdov,2
pluibi1,ruther1,2
purjay1,chobla1,2
purjay1,thlwre1,2
plcjay1,rubthr1,2
pluibi1,bunibi1,2
chacha1,tattin1,2
grfdov1,barant1,2
pluibi1,chacha1,2
platyr1,fabwre1,2
plasla1,saffin,2
plasla1,schpar1,2
plasla1,sobtyr1,2
plasla1,undtin1,2
plasla1,yecpar,2
plasla1,yeofly1,2
platyr1,bncfly,2
brcmar1,saffin,2
brcmar1,thlwre1,2
brcmar1,undtin1,2
brcmar1,whtdov,2
brnowl,compau,2
plasla1,palhor3,2
grfdov1,rubthr1,2
grfdov1,rutjac1,2
grfdov1,sobtyr1,2
grfdov1,spbant3,2
plasla1,pvttyr1,2
plasla1,rebscy1,2
pirfly1,yebela1,2
pirfly1,yeofly1,2
plasla1,chobla1,2
brcmar1,rubthr1,2
bucmot4,compau,2
bucmot4,relser1,2
pirfly1,sibtan2,2
pirfly1,smbtin1,2
grhtan1,rutjac1,2
pirfly1,sobtyr1,2
pirfly1,crbthr1,2
pirfly1,grfdov1,2
pirfly1,paltan1,2
bucmot4,bncfly,2
picpig2,saytan1,2
picpig2,scadov1,2
picpig2,swtman1,2
picpig2,chbmoc1,2
picpig2,epaori4,2
picpig2,houspa,2
picpig2,masgna1,2
picpig2,rubthr1,2
picpig2,bobfly1,2
grhtan1,whtdov,2
gycwor1,gycwor1,2
bucmot4,yecpar,2
paltan1,soulap1,2
paltan1,strcuc1,2
paltan1,greant1,2
bucmot4,trsowl,2
bucmot4,whtdov,2
pabspi1,yebela1,2
palhor3,magant1,2
palhor3,shcfly1,2
pabspi1,chobla1,2
pabspi1,rufhor2,2
pabspi1,sofspi1,2
orwpar,pirfly1,2
orwpar,saffin,2
orwpar,whtdov,2
orwpar,yecpar,2
hyamac1,barant1,2
camfli1,whtdov,2
gycwor1,saffin,2
gycwor1,soulap1,2
gycwor1,trokin,2
gycwor1,whtdov,2
gycwor1,yebela1,2
gycwor1,yecpar,2
horscr1,bucmot4,2
osprey,rinkin1,2
bufpar,grasal3,2
bufpar,saytan1,2
orwpar,banana,2
orbtro3,scadov1,2
horscr1,grekis,2
horscr1,paltan1,2
horscr1,rumfly1,2
bufpar,chobla1,2
oliwoo1,swtman1,2
orbtro3,bobfly1,2
orbtro3,coffal1,2
oliwoo1,phecuc1,2
oliwoo1,ruftof1,2
bufpar,varant1,2
bunibi1,bufpar,2
oliwoo1,banana,2
masgna1,shcfly1,2
masgna1,tattin1,2
masgna1,trokin,2
masgna1,whiwoo1,2
masgna1,whwpic1,2
masgna1,yeofly1,2
hyamac1,grekis,2
bufpar,thlwre1,2
masgna1,fepowl,2
masgna1,fusfly1,2
masgna1,greant1,2
masgna1,plasla1,2
masgna1,relser1,2
bunibi1,pluibi1,2
bunibi1,saffin,2
bunibi1,scadov1,2
bunibi1,trokin,2
magant1,yeofly1,2
magtan2,grasal3,2
magtan2,grekis,2
magtan2,pirfly1,2
hyamac1,thlwre1,2
hyamac1,undtin1,2
larela1,crbthr1,2
larela1,fotfly,2
larela1,gretho2,2
bunibi1,flawar1,2
magant1,larela1,2
magant1,limpki,2
magant1,ruftof1,2
magant1,rutjac1,2
magant1,undtin1,2
litcuc2,roahaw,2
litcuc2,sibtan2,2
litnig1,compot1,2
litnig1,soulap1,2
litnig1,trsowl,2
litnig1,undtin1,2
larela1,rufhor2,2
larela1,soulap1,2
litcuc2,grekis,2
litcuc2,grfdov1,2
litcuc2,horscr1,2
linwoo1,swtman1,2
linwoo1,yebela1,2
litcuc2,grasal3,2
linwoo1,pirfly1,2
linwoo1,roahaw,2
linwoo1,rubthr1,2
linwoo1,scadov1,2
linwoo1,sibtan2,2
linwoo1,smbani,2
linwoo1,soulap1,2
lesela1,scadov1,2
larela1,undtin1,2
larela1,watjac1,2
lesela1,chobla1,2
limpki,watjac1,2
limpki,yebela1,2
linwoo1,bncfly,2
linwoo1,chobla1,2
linwoo1,eulfly1,2
lesela1,trokin,2
limpki,chacha1,2
limpki,soulap1,2
camfli1,houspa,2
camfli1,paltan1,2
camfli1,saffin,2
camfli1,smbani,2
camfli1,soulap1,2
lesela1,rubthr1,2
yeofly1,sobtyr1,2
yeofly1,socfly1,2
yeofly1,strcuc1,2
yeofly1,toctou1,2
compau,rubthr1,2
yeofly1,sibtan2,2
ashgre1,barant1,2
65380,larela1,1
67107,24279,1
ashgre1,bncfly,1
yeofly1,bufpar,1
yeofly1,bunibi1,1
yeofly1,eulfly1,1
yeofly1,gilhum1,1
yeofly1,giwrai1,1
yeofly1,horscr1,1
yeofly1,mabpar,1
yeofly1,magant1,1
ashgre1,bobfly1,1
ashgre1,bucmot4,1
crbthr1,epaori4,1
326272,67107,1
yeofly1,plcjay1,1
yeofly1,rebscy1,1
yeofly1,redjun,1
yeofly1,rubthr1,1
limpki,pluibi1,1
limpki,socfly1,1
camfli1,chobla1,1
camfli1,masgna1,1
camfli1,scadov1,1
camfli1,swthum1,1
camfli1,thlwre1,1
camfli1,toctou1,1
lesela1,pirfly1,1
lesela1,recfin1,1
yeofly1,orwpar,1
41970,41970,1
555145,24287,1
yeofly1,smbani,1
yeofly1,sobcac1,1
yeofly1,stbwoo2,1
linwoo1,greant1,1
linwoo1,hyamac1,1
linwoo1,lesela1,1
linwoo1,linwoo1,1
linwoo1,masgna1,1
lesela1,strcuc1,1
lesela1,swthum1,1
limpki,chobla1,1
limpki,compot1,1
limpki,flawar1,1
limpki,grasal3,1
limpki,gycwor1,1
limpki,limpki,1
limpki,paltan1,1
limpki,picpig2,1
limpki,pirfly1,1
larela1,yebcar,1
larela1,yebela1,1
lesela1,bcwfin2,1
lesela1,bufpar,1
lesela1,crbthr1,1
lesela1,fepowl,1
lesela1,fusfly1,1
lesela1,linwoo1,1
linwoo1,squcuc1,1
linwoo1,stbwoo2,1
limpki,undtin1,1
limpki,whtdov,1
linwoo1,astcra1,1
linwoo1,baffal1,1
linwoo1,bufpar,1
linwoo1,fabwre1,1
bunibi1,whlspi1,1
bunibi1,whtdov,1
bunibi1,yebela1,1
burowl,bbwduc,1
burowl,grekis,1
linwoo1,orwpar,1
linwoo1,purjay1,1
linwoo1,rufgna3,1
linwoo1,rutjac1,1
linwoo1,schpar1,1
linwoo1,socfly1,1
linwoo1,spbant3,1
lesela1,sobtyr1,1
larela1,swthum1,1
larela1,whtdov,1
larela1,y00678,1
burowl,trokin,1
burowl,whiwoo1,1
burowl,yebela1,1
camfli1,banana,1
camfli1,baymac,1
litcuc2,orbtro3,1
litcuc2,orwpar,1
litcuc2,paltan1,1
linwoo1,strcuc1,1
linwoo1,thlwre1,1
linwoo1,trokin,1
linwoo1,whbwar2,1
litcuc2,ashgre1,1
litcuc2,banana,1
litcuc2,bobfly1,1
litcuc2,fepowl,1
larela1,rinkin1,1
larela1,roahaw,1
larela1,ruftho1,1
larela1,saytan1,1
larela1,shcfly1,1
larela1,smbani,1
larela1,sobtyr1,1
larela1,socfly1,1
larela1,sofspi1,1
mabpar,scadov1,1
mabpar,sofspi1,1
burowl,grfdov1,1
burowl,houspa,1
burowl,saffin,1
burowl,smbtin1,1
burowl,soulap1,1
magant1,watjac1,1
magant1,wesfie1,1
magant1,whlspi1,1
litcuc2,rutjac1,1
litcuc2,saffin,1
litcuc2,squcuc1,1
litcuc2,strcuc1,1
litcuc2,thlwre1,1
litcuc2,undtin1,1
litnig1,relser1,1
litnig1,shtnig1,1
camfli1,brcmar1,1
camfli1,chbmoc1,1
larela1,masgna1,1
larela1,picpig2,1
larela1,pvttyr1,1
larela1,banana,1
larela1,bcwfin2,1
larela1,chacha1,1
larela1,flawar1,1
larela1,fusfly1,1
larela1,giwrai1,1
larela1,houspa,1
bunibi1,glteme1,1
mabpar,undtin1,1
magant1,bkcdon,1
magant1,chacha1,1
magant1,greant1,1
magant1,purjay1,1
magant1,rufhor2,1
magant1,sofspi1,1
magant1,strcuc1,1
masgna1,baymac,1
masgna1,bcwfin2,1
magant1,whwpic1,1
magtan2,baffal1,1
magtan2,bucmot4,1
magtan2,grfdov1,1
magtan2,horscr1,1
magtan2,orwpar,1
magtan2,paltan1,1
magtan2,spbant3,1
magtan2,undtin1,1
magtan2,whbwar2,1
larela1,souscr1,1
larela1,strcuc1,1
hyamac1,saffin,1
hyamac1,whtdov,1
masgna1,flawar1,1
masgna1,houspa,1
masgna1,orbtro3,1
masgna1,rubthr1,1
masgna1,rumfly1,1
masgna1,saytan1,1
bunibi1,houspa,1
bunibi1,picpig2,1
bunibi1,pvttyr1,1
bunibi1,rufhor2,1
bunibi1,saytan1,1
bunibi1,smbtin1,1
bunibi1,sobtyr1,1
bunibi1,soulap1,1
bunibi1,undtin1,1
masgna1,ashgre1,1
chacha1,bucpar,1
chacha1,gilhum1,1
chacha1,masgna1,1
chacha1,palhor3,1
chacha1,platyr1,1
chacha1,pluibi1,1
chacha1,relser1,1
chacha1,rufcac2,1
hyamac1,grasal3,1
hyamac1,hyamac1,1
bufpar,sobtyr1,1
masgna1,chobla1,1
masgna1,chvcon1,1
masgna1,coffal1,1
masgna1,epaori4,1
masgna1,eulfly1,1
nacnig1,soulap1,1
oliwoo1,barant1,1
oliwoo1,baymac,1
masgna1,scadov1,1
masgna1,sibtan2,1
masgna1,smbani,1
masgna1,sobcac1,1
masgna1,sobtyr1,1
masgna1,strcuc1,1
nacnig1,chbmoc1,1
bufpar,smbani,1
larela1,larela1,1
larela1,limpki,1
camfli1,yecpar,1
chacha1,ashgre1,1
chacha1,bafcur1,1
oliwoo1,roahaw,1
oliwoo1,rufcas2,1
oliwoo1,rumfly1,1
oliwoo1,saffin,1
oliwoo1,scadov1,1
oliwoo1,socfly1,1
bufpar,undtin1,1
bunibi1,banana,1
bunibi1,baymac,1
bunibi1,bkhpar,1
bunibi1,bncfly,1
bunibi1,bobfly1,1
bunibi1,chacha1,1
bunibi1,chvcon1,1
bunibi1,fepowl,1
nacnig1,fepowl,1
oliwoo1,whnjay1,1
orbtro3,barant1,1
orbtro3,baymac,1
orbtro3,bkhpar,1
orbtro3,brcmar1,1
orbtro3,bufpar,1
orbtro3,bunibi1,1
orbtro3,chacha1,1
oliwoo1,chvcon1,1
oliwoo1,ficman1,1
oliwoo1,flawar1,1
oliwoo1,grasal3,1
oliwoo1,grekis,1
oliwoo1,grfdov1,1
oliwoo1,oliwoo1,1
oliwoo1,relser1,1
horscr1,greant1,1
horscr1,magtan2,1
horscr1,smbani,1
horscr1,strcuc1,1
horscr1,trokin,1
horscr1,undtin1,1
horscr1,watjac1,1
horscr1,wfwduc1,1
houspa,houspa,1
houspa,redjun,1
bufpar,bucpar,1
oliwoo1,souant1,1
oliwoo1,spbant3,1
oliwoo1,thlwre1,1
oliwoo1,trsowl,1
oliwoo1,whbwar2,1
orbtro3,eulfly1,1
orbtro3,grhtan1,1
orbtro3,masgna1,1
orbtro3,orwpar,1
orbtro3,picpig2,1
orbtro3,ruftof1,1
orbtro3,saytan1,1
orbtro3,smbtin1,1
orbtro3,socfly1,1
orbtro3,soulap1,1
orbtro3,squcuc1,1
orbtro3,trokin,1
bufpar,brcmar1,1
hyamac1,pluibi1,1
hyamac1,rufhor2,1
horscr1,fusfly1,1
gycwor1,undtin1,1
horscr1,bunibi1,1
pabspi1,banana,1
bufpar,crbthr1,1
bufpar,glteme1,1
bufpar,houspa,1
bufpar,orwpar,1
bufpar,paltan1,1
bufpar,pluibi1,1
bufpar,saffin,1
bufpar,scadov1,1
orwpar,baymac,1
orwpar,bobfly1,1
orwpar,bucmot4,1
orwpar,chobla1,1
orwpar,fotfly,1
pabspi1,watjac1,1
orwpar,glteme1,1
orwpar,grekis,1
orwpar,litcuc2,1
orwpar,plasla1,1
orwpar,relser1,1
orwpar,rutjac1,1
orwpar,sibtan2,1
orwpar,smbani,1
orwpar,undtin1,1
osprey,grekis,1
gycwor1,scadov1,1
gycwor1,sibtan2,1
gycwor1,socfly1,1
gycwor1,strcuc1,1
gycwor1,trsowl,1
palhor3,sobtyr1,1
palhor3,whtdov,1
palhor3,y00678,1
paltan1,barant1,1
pabspi1,chacha1,1
pabspi1,flawar1,1
pabspi1,greani1,1
pabspi1,orwpar,1
pabspi1,plasla1,1
pabspi1,pvttyr1,1
pabspi1,roahaw,1
pabspi1,scadov1,1
pabspi1,smbani,1
pabspi1,smbtin1,1
pabspi1,tattin1,1
pabspi1,trokin,1
paltan1,paltan1,1
paltan1,picpig2,1
paltan1,pluibi1,1
paltan1,ragmac1,1
paltan1,rinkin1,1
bucmot4,thlwre1,1
bucmot4,trokin,1
palhor3,chacha1,1
palhor3,fabwre1,1
palhor3,grasal3,1
palhor3,greant1,1
palhor3,gretho2,1
palhor3,grfdov1,1
palhor3,rutjac1,1
palhor3,scadov1,1
palhor3,sibtan2,1
bucpar,saytan1,1
bucpar,sofspi1,1
bucpar,yecpar,1
bufpar,banana,1
bufpar,barant1,1
bufpar,bcwfin2,1
paltan1,rufcac2,1
paltan1,rumfly1,1
paltan1,socfly1,1
paltan1,souscr1,1
paltan1,bkcdon,1
paltan1,coffal1,1
paltan1,grasal3,1
paltan1,gretho2,1
paltan1,grfdov1,1
paltan1,magtan2,1
gycwor1,ashgre1,1
gycwor1,bbwduc,1
gycwor1,bobfly1,1
gycwor1,chobla1,1
gycwor1,compau,1
gycwor1,compot1,1
gycwor1,horscr1,1
gycwor1,linwoo1,1
gycwor1,litnig1,1
gycwor1,pirfly1,1
gycwor1,redjun,1
picpig2,brcmar1,1
picpig2,bunibi1,1
bucpar,crbthr1,1
bucpar,grekis,1
bucpar,rufhor2,1
paltan1,whtdov,1
paltan1,yeofly1,1
phecuc1,chobla1,1
phecuc1,fepowl,1
phecuc1,greela,1
phecuc1,oliwoo1,1
phecuc1,rumfly1,1
phecuc1,saytan1,1
phecuc1,squcuc1,1
phecuc1,trokin,1
phecuc1,yebela1,1
picpig2,banana,1
picpig2,barant1,1
horscr1,chobla1,1
horscr1,chvcon1,1
grhtan1,soulap1,1
picpig2,undtin1,1
picpig2,varant1,1
picpig2,watjac1,1
picpig2,whtdov,1
pirfly1,barant1,1
picpig2,camfli1,1
picpig2,gilhum1,1
picpig2,grasal3,1
picpig2,greani1,1
picpig2,gretho2,1
picpig2,grfdov1,1
picpig2,orwpar,1
picpig2,purjay1,1
picpig2,pvttyr1,1
picpig2,redjun,1
picpig2,rufcas2,1
pirfly1,greant1,1
pirfly1,gycwor1,1
pirfly1,magant1,1
pirfly1,orwpar,1
pirfly1,pabspi1,1
pirfly1,pirfly1,1
bucmot4,baffal1,1
bucmot4,bucmot4,1
picpig2,rufgna3,1
picpig2,ruftho1,1
picpig2,shcfly1,1
picpig2,soulap1,1
picpig2,souscr1,1
picpig2,tattin1,1
picpig2,thlwre1,1
picpig2,trokin,1
grfdov1,yecpar,1
grhtan1,bucmot4,1
grhtan1,coffal1,1
grhtan1,fepowl,1
grhtan1,greani1,1
grhtan1,greela,1
grhtan1,grekis,1
grhtan1,masgna1,1
grhtan1,orwpar,1
grhtan1,plasla1,1
grhtan1,sibtan2,1
pirfly1,soulap1,1
pirfly1,baymac,1
pirfly1,bucmot4,1
pirfly1,grasal3,1
pirfly1,greani1,1
plasla1,crbthr1,1
brcmar1,rebscy1,1
bucmot4,bunibi1,1
bucmot4,chobla1,1
bucmot4,greela,1
bucmot4,litnig1,1
bucmot4,paltan1,1
bucmot4,rufhor2,1
bucmot4,rutjac1,1
bucmot4,squcuc1,1
pirfly1,roahaw,1
pirfly1,rumfly1,1
gycwor1,roahaw,1
gycwor1,rumfly1,1
grfdov1,whbwar2,1
grfdov1,yebela1,1
grfdov1,oliwoo1,1
grfdov1,orwpar,1
grfdov1,rufhor2,1
grfdov1,ruftof1,1
grfdov1,sibtan2,1
grfdov1,soulap1,1
pirfly1,squcuc1,1
pirfly1,tattin1,1
pirfly1,thlwre1,1
pirfly1,varant1,1
pirfly1,yecpar,1
plasla1,barant1,1
plasla1,baymac,1
plasla1,bncfly,1
plasla1,bobfly1,1
plasla1,chacha1,1
plasla1,thlwre1,1
platyr1,bcwfin2,1
brcmar1,ruftho1,1
brcmar1,smbani,1
brcmar1,sobtyr1,1
brcmar1,strcuc1,1
brcmar1,yebela1,1
plasla1,fusfly1,1
plasla1,linwoo1,1
plasla1,orwpar,1
grhtan1,sobtyr1,1
grhtan1,sofspi1,1
grfdov1,greani1,1
grfdov1,greant1,1
grfdov1,greela,1
grfdov1,masgna1,1
platyr1,picpig2,1
platyr1,pirfly1,1
platyr1,pvttyr1,1
platyr1,sobtyr1,1
platyr1,undtin1,1
platyr1,varant1,1
platyr1,whtdov,1
plcjay1,baymac,1
plcjay1,eulfly1,1
plasla1,roahaw,1
plasla1,ruftof1,1
plasla1,scadov1,1
plasla1,smbtin1,1
plasla1,sofspi1,1
plasla1,souant1,1
plasla1,squcuc1,1
chbmoc1,astcra1,1
chbmoc1,brcmar1,1
chbmoc1,camfli1,1
chbmoc1,crbthr1,1
chbmoc1,houspa,1
chbmoc1,orwpar,1
grfdov1,batbel1,1
grfdov1,bbwduc,1
grfdov1,bucmot4,1
pluibi1,fepowl,1
platyr1,chacha1,1
platyr1,crbthr1,1
platyr1,fepowl,1
platyr1,gilhum1,1
platyr1,greant1,1
platyr1,grekis,1
plcjay1,greela,1
plcjay1,oliwoo1,1
plcjay1,purjay1,1
plcjay1,roahaw,1
plcjay1,rufhor2,1
plcjay1,shcfly1,1
plcjay1,sobcac1,1
plcjay1,thlwre1,1
plcjay1,trokin,1
pluibi1,bobfly1,1
pluibi1,brcmar1,1
grfdov1,trokin,1
grfdov1,varant1,1
chacha1,sofspi1,1
chacha1,thlwre1,1
chacha1,undtin1,1
brcmar1,purjay1,1
pvttyr1,banana,1
pluibi1,grasal3,1
pluibi1,gretho2,1
pluibi1,houspa,1
pluibi1,soulap1,1
pluibi1,stbwoo2,1
pluibi1,thlwre1,1
pluibi1,trsowl,1
pluibi1,undtin1,1
purjay1,fusfly1,1
purjay1,roahaw,1
purjay1,shcfly1,1
purjay1,smbtin1,1
purjay1,sobcac1,1
plcjay1,greant1,1
pvttyr1,chvcon1,1
pvttyr1,lesela1,1
pvttyr1,orwpar,1
pvttyr1,plcjay1,1
pvttyr1,pluibi1,1
pvttyr1,ragmac1,1
bobfly1,yecpar,1
brcmar1,barant1,1
brcmar1,baymac,1
brcmar1,bunibi1,1
brcmar1,chbmoc1,1
brcmar1,chobla1,1
brcmar1,magant1,1
brcmar1,masgna1,1
brcmar1,picpig2,1
brcmar1,pirfly1,1
gretho2,smbani,1
gretho2,smbtin1,1
gretho2,souscr1,1
gretho2,undtin1,1
gretho2,watjac1,1
gretho2,yecpar,1
greyel,grekis,1
greyel,limpki,1
greyel,wfwduc1,1
pvttyr1,yebela1,1
pvttyr1,yecpar,1
pvttyr1,barant1,1
pvttyr1,bcwfin2,1
pvttyr1,bncfly,1
pvttyr1,chacha1,1
pvttyr1,chobla1,1
rebscy1,bunibi1,1
rebscy1,chacha1,1
rebscy1,chobla1,1
rebscy1,crbthr1,1
rebscy1,epaori4,1
pvttyr1,relser1,1
pvttyr1,rufgna3,1
pvttyr1,saffin,1
pvttyr1,smbtin1,1
pvttyr1,squcuc1,1
pvttyr1,thlwre1,1
pvttyr1,trokin,1
pvttyr1,varant1,1
grfdov1,eulfly1,1
grfdov1,fabwre1,1
gretho2,saffin,1
rebscy1,masgna1,1
rebscy1,oliwoo1,1
rebscy1,picpig2,1
rebscy1,plcjay1,1
rebscy1,rinkin1,1
rebscy1,rubthr1,1
rebscy1,ruftof1,1
ragmac1,banana,1
ragmac1,brcmar1,1
ragmac1,chobla1,1
ragmac1,soulap1,1
ragmac1,thlwre1,1
ragmac1,whtdov,1
rebscy1,ashgre1,1
rebscy1,banana,1
rebscy1,barant1,1
gretho2,baymac,1
gretho2,brcmar1,1
gretho2,bunibi1,1
gretho2,camfli1,1
gretho2,greant1,1
gretho2,grfdov1,1
gretho2,orwpar,1
gretho2,palhor3,1
rebscy1,scadov1,1
rebscy1,sibtan2,1
rebscy1,fabwre1,1
rebscy1,fepowl,1
rebscy1,flawar1,1
rebscy1,greant1,1
rebscy1,grekis,1
rebscy1,magant1,1
recfin1,gycwor1,1
bobfly1,shcfly1,1
bobfly1,sobtyr1,1
bobfly1,sofspi1,1
bobfly1,soulap1,1
bobfly1,strher2,1
bobfly1,thlwre1,1
bobfly1,wesfie1,1
bobfly1,yebela1,1
rebscy1,rutjac1,1
chacha1,saytan1,1
chacha1,sibtan2,1
grepot1,chacha1,1
grepot1,litnig1,1
grepot1,whtdov,1
gretho2,barant1,1
recfin1,saffin,1
recfin1,saytan1,1
recfin1,smbtin1,1
recfin1,souant1,1
recfin1,tattin1,1
rebscy1,sofspi1,1
rebscy1,strcuc1,1
rebscy1,swthum1,1
rebscy1,tattin1,1
recfin1,barant1,1
recfin1,bncfly,1
recfin1,bufpar,1
recfin1,bunibi1,1
recfin1,chobla1,1
recfin1,flawar1,1
recfin1,gretho2,1
grekis,crbthr1,1
grekis,grekis,1
grekis,lesela1,1
grekis,pabspi1,1
grekis,redjun,1
grekis,rivwar1,1
grekis,rubthr1,1
grekis,sobtyr1,1
grekis,stbwoo2,1
grekis,thlwre1,1
relser1,scadov1,1
relser1,sofspi1,1
recfin1,masgna1,1
recfin1,picpig2,1
recfin1,roahaw,1
recfin1,ruftof1,1
rinkin1,linwoo1,1
bobfly1,larela1,1
relser1,banana,1
relser1,bncfly,1
relser1,chvcon1,1
relser1,compot1,1
relser1,greant1,1
relser1,grekis,1
relser1,masgna1,1
relser1,plasla1,1
relser1,rufnig1,1
relser1,rutjac1,1
relser1,saffin,1
gretho2,purjay1,1
gretho2,rufcac2,1
grekis,bobfly1,1
chbmoc1,varant1,1
chobla1,astcra1,1
greela,trokin,1
greela,yecpar,1
rinkin1,rutjac1,1
rinkin1,shcfly1,1
relser1,soulap1,1
relser1,swtman1,1
relser1,thlwre1,1
relser1,toctou1,1
relser1,trokin,1
relser1,whbwar2,1
relser1,yecpar,1
rinkin1,banana,1
rinkin1,chacha1,1
rinkin1,fusfly1,1
rivwar1,spbant3,1
bobfly1,paltan1,1
bobfly1,rebscy1,1
bobfly1,recfin1,1
bobfly1,redjun,1
bobfly1,rinkin1,1
bobfly1,rutjac1,1
bobfly1,sabspa1,1
rinkin1,paltan1,1
rinkin1,roahaw,1
grekis,yebela1,1
chbmoc1,roahaw,1
chbmoc1,saytan1,1
chbmoc1,smbani,1
chbmoc1,souscr1,1
chbmoc1,undtin1,1
roahaw,fusfly1,1
roahaw,gilhum1,1
roahaw,grasal3,1
roahaw,grfdov1,1
roahaw,houspa,1
roahaw,oliwoo1,1
roahaw,picpig2,1
roahaw,pirfly1,1
rinkin1,sibtan2,1
rinkin1,sofspi1,1
rinkin1,stbwoo2,1
rinkin1,tattin1,1
rinkin1,yebela1,1
rivwar1,grekis,1
rivwar1,roahaw,1
rivwar1,socfly1,1
greela,saffin,1
greela,saytan1,1
greela,scadov1,1
greela,schpar1,1
greela,scther1,1
greela,sobtyr1,1
greela,spbant3,1
greela,squcuc1,1
greela,swtman1,1
chbmoc1,picpig2,1
rivwar1,whbwar2,1
roahaw,banana,1
roahaw,barant1,1
roahaw,bncfly,1
roahaw,bucmot4,1
roahaw,chobla1,1
roahaw,plasla1,1
roahaw,rinkin1,1
roahaw,roahaw,1
roahaw,rutjac1,1
roahaw,shcfly1,1
roahaw,socfly1,1
roahaw,souant1,1
roahaw,soulap1,1
roahaw,stbwoo2,1
roahaw,strcuc1,1
roahaw,toctou1,1
grekis,baymac,1
grekis,bncfly,1
greela,rubthr1,1
greela,rufcas2,1
greela,rufhor2,1
greela,fabwre1,1
greela,fepowl,1
greela,gilhum1,1
bobfly1,baymac,1
roahaw,whnjay1,1
rubthr1,barant1,1
rubthr1,bkcdon,1
rubthr1,brcmar1,1
rubthr1,chacha1,1
rubthr1,flawar1,1
rubthr1,gretho2,1
rubthr1,limpki,1
rubthr1,oliwoo1,1
rubthr1,pirfly1,1
rubthr1,plasla1,1
rubthr1,rebscy1,1
rubthr1,rubthr1,1
rubthr1,sabspa1,1
rubthr1,shtnig1,1
rubthr1,strcuc1,1
rufcac2,baymac,1
rufcac2,bobfly1,1
rufcac2,chacha1,1
bobfly1,banana,1
chbmoc1,pluibi1,1
greant1,strcuc1,1
greant1,toctou1,1
greant1,varant1,1
greant1,whnjay1,1
greela,barant1,1
greela,bobfly1,1
greela,epaori4,1
rufcas2,crbthr1,1
rufcas2,fusfly1,1
rufcas2,gilhum1,1
rufcas2,horscr1,1
rufcas2,linwoo1,1
bobfly1,bufpar,1
bobfly1,coffal1,1
bobfly1,crbthr1,1
bobfly1,fabwre1,1
bobfly1,fepowl,1
bobfly1,fotfly,1
bobfly1,grasal3,1
rufcac2,chobla1,1
rufcac2,grekis,1
rufcac2,rumfly1,1
rufcac2,souscr1,1
greant1,orbtro3,1
greant1,paltan1,1
greant1,rebscy1,1
greant1,roahaw,1
greant1,ruftof1,1
greant1,rutjac1,1
greant1,sibtan2,1
rufgna3,picpig2,1
rufgna3,rubthr1,1
rufcac2,thlwre1,1
rufcac2,whtdov,1
rufcas2,bncfly,1
rufcas2,bucmot4,1
rufcas2,chobla1,1
rufcas2,chvcon1,1
rufcas2,coffal1,1
rufhor2,flawar1,1
rufhor2,fotfly,1
rufcas2,orwpar,1
rufcas2,picpig2,1
rufcas2,pvttyr1,1
rufcas2,relser1,1
rufcas2,rubthr1,1
rufcas2,rufhor2,1
rufcas2,saffin,1
rufcas2,wesfie1,1
rufgna3,baffal1,1
rufgna3,banana,1
rufgna3,crbthr1,1
greela,pvttyr1,1
chobla1,houspa,1
greant1,masgna1,1
chobla1,camfli1,1
chobla1,epaori4,1
chobla1,flawar1,1
chobla1,giwrai1,1
rufhor2,hyamac1,1
rufgna3,scther1,1
rufgna3,sobtyr1,1
rufgna3,spbant3,1
rufgna3,yeofly1,1
rufhor2,barant1,1
rufhor2,batbel1,1
rufhor2,bkcdon,1
rufhor2,bucpar,1
rufhor2,camfli1,1
rufhor2,chacha1,1
rufhor2,epaori4,1
bncfly,soulap1,1
bncfly,toctou1,1
bncfly,whnjay1,1
rufhor2,glteme1,1
rufhor2,grfdov1,1
greant1,smbani,1
greant1,sobtyr1,1
greant1,coffal1,1
greant1,crbthr1,1
greant1,fabwre1,1
greant1,flawar1,1
greant1,fusfly1,1
greant1,gilhum1,1
chobla1,bkcdon,1
chobla1,bobfly1,1
chobla1,bucmot4,1
ruftho1,recfin1,1
ruftho1,sobtyr1,1
rufhor2,rufcac2,1
rufhor2,ruther1,1
rufhor2,saytan1,1
rufhor2,scadov1,1
rufhor2,shcfly1,1
rufhor2,smbtin1,1
rufhor2,strcuc1,1
rufhor2,thlwre1,1
rufhor2,toctou1,1
rufhor2,trokin,1
rufhor2,undtin1,1
rufhor2,wfwduc1,1
rufhor2,whnjay1,1
bncfly,shcfly1,1
chobla1,ruther1,1
chobla1,rutjac1,1
chobla1,saytan1,1
chobla1,scadov1,1
chobla1,sibtan2,1
greant1,baymac,1
ruftof1,eulfly1,1
rufnig1,bncfly,1
rufnig1,fusfly1,1
rufnig1,paltan1,1
rufnig1,relser1,1
rufnig1,tattin1,1
rufnig1,varant1,1
rufnig1,whtdov,1
ruftho1,bucpar,1
ruftho1,pvttyr1,1
ruftof1,strcuc1,1
ruftho1,sofspi1,1
ruftho1,soulap1,1
ruftho1,swthum1,1
ruftho1,tattin1,1
ruftho1,trokin,1
ruftho1,whtdov,1
ruftho1,yebela1,1
ruftof1,barant1,1
ruftof1,bbwduc,1
ruftof1,bkhpar,1
ruftof1,brcmar1,1
ruftof1,bufpar,1
chobla1,greant1,1
chobla1,rubthr1,1
chobla1,ruftho1,1
rumfly1,greela,1
bncfly,greela,1
ruftof1,fepowl,1
ruftof1,flawar1,1
ruftof1,fusfly1,1
ruftof1,greant1,1
ruftof1,orwpar,1
ruftof1,pabspi1,1
ruftof1,pirfly1,1
ruftof1,relser1,1
ruftof1,rutjac1,1
ruftof1,saffin,1
ruftof1,shcfly1,1
ruftof1,sibtan2,1
ruftof1,smbtin1,1
ruftof1,stbwoo2,1
greani1,orbtro3,1
greani1,pabspi1,1
greani1,roahaw,1
greani1,scadov1,1
greani1,strcuc1,1
chobla1,orwpar,1
rumfly1,roahaw,1
rumfly1,ruftof1,1
ruftof1,yecpar,1
rumfly1,ashgre1,1
rumfly1,barant1,1
rumfly1,baymac,1
rumfly1,bbwduc,1
rumfly1,bobfly1,1
rumfly1,chobla1,1
rumfly1,epaori4,1
ruther1,grepot1,1
ruther1,gretho2,1
bncfly,grfdov1,1
bncfly,horscr1,1
bncfly,houspa,1
bncfly,litnig1,1
bncfly,orwpar,1
bncfly,paltan1,1
bncfly,picpig2,1
bncfly,rufhor2,1
rumfly1,horscr1,1
rumfly1,paltan1,1
rumfly1,pirfly1,1
greant1,bucmot4,1
greani1,fabwre1,1
greani1,horscr1,1
grasal3,whlspi1,1
grasal3,whwpic1,1
grasal3,yebcar,1
grasal3,yebela1,1
rutjac1,barant1,1
rutjac1,batbel1,1
rumfly1,saytan1,1
ruther1,ashgre1,1
ruther1,bafcur1,1
ruther1,banana,1
ruther1,bkcdon,1
ruther1,bobfly1,1
ruther1,compau,1
ruther1,fabwre1,1
ruther1,grasal3,1
ruther1,grekis,1
rutjac1,toctou1,1
rutjac1,whwpic1,1
ruther1,gycwor1,1
ruther1,litnig1,1
ruther1,pluibi1,1
ruther1,rufhor2,1
ruther1,sobcac1,1
ruther1,soulap1,1
ruther1,thlwre1,1
ruther1,trsowl,1
ruther1,yebela1,1
rutjac1,ashgre1,1
rutjac1,banana,1
grasal3,smbani,1
grasal3,smbtin1,1
grasal3,socfly1,1
sabspa1,rubthr1,1
blttit1,whnjay1,1
blttit1,whtdov,1
blttit1,yecpar,1
bncfly,banana,1
rutjac1,bncfly,1
rutjac1,fusfly1,1
rutjac1,grekis,1
rutjac1,grfdov1,1
rutjac1,masgna1,1
rutjac1,roahaw,1
rutjac1,rubthr1,1
rutjac1,ruftof1,1
rutjac1,rumfly1,1
rutjac1,shcfly1,1
rutjac1,thlwre1,1
grasal3,greani1,1
grasal3,horscr1,1
grasal3,pvttyr1,1
grasal3,rinkin1,1
grasal3,rubthr1,1
grasal3,ruftof1,1
grasal3,rutjac1,1
saffin,barant1,1
rutjac1,yeofly1,1
sabspa1,banana,1
sabspa1,grasal3,1
sabspa1,greant1,1
sabspa1,greela,1
sabspa1,larela1,1
sabspa1,picpig2,1
sabspa1,recfin1,1
saffin,roahaw,1
saffin,rubthr1,1
saffin,rumfly1,1
bncfly,bobfly1,1
bncfly,bufpar,1
bncfly,camfli1,1
bncfly,epaori4,1
bncfly,eulfly1,1
sabspa1,rutjac1,1
sabspa1,smbani,1
sabspa1,sofspi1,1
sabspa1,spbant3,1
greani1,bucmot4,1
grasal3,fabwre1,1
grasal3,fepowl,1
grasal3,gilhum1,1
saytan1,43435,1
saytan1,batbel1,1
blttit1,fusfly1,1
blttit1,greant1,1
blttit1,greela,1
blttit1,mabpar,1
saffin,bufpar,1
saffin,chbmoc1,1
saffin,chobla1,1
saffin,chvcon1,1
saffin,crbthr1,1
saffin,epaori4,1
saffin,lesela1,1
saffin,pirfly1,1
saffin,plasla1,1
saffin,redjun,1
chobla1,tattin1,1
chobla1,thlwre1,1
chobla1,trokin,1
chobla1,whiwoo1,1
chobla1,yebela1,1
chvcon1,astcra1,1
chvcon1,bobfly1,1
chvcon1,brcmar1,1
saytan1,camfli1,1
saffin,smbani,1
saffin,soulap1,1
saffin,spbant3,1
saffin,stbwoo2,1
saffin,trsowl,1
saffin,whlspi1,1
saffin,yebela1,1
blttit1,rutjac1,1
blttit1,saffin,1
blttit1,saytan1,1
blttit1,sofspi1,1
blttit1,swtman1,1
blttit1,tattin1,1
blttit1,undtin1,1
blttit1,wesfie1,1
blttit1,whbwar2,1
saytan1,baymac,1
saytan1,bncfly,1
grasal3,saytan1,1
grasal3,scadov1,1
grasal3,chobla1,1
grasal3,chvcon1,1
chobla1,strcuc1,1
scadov1,masgna1,1
scadov1,orwpar,1
scadov1,paltan1,1
scadov1,picpig2,1
saytan1,epaori4,1
saytan1,fepowl,1
saytan1,gilhum1,1
saytan1,masgna1,1
saytan1,redjun,1
saytan1,roahaw,1
saytan1,rumfly1,1
saytan1,saffin,1
saytan1,smbani,1
saytan1,spbant3,1
saytan1,strher2,1
blttit1,ruftof1,1
grasal3,barant1,1
grasal3,bkcdon,1
grasal3,bncfly,1
grasal3,bufpar,1
schpar1,mabpar,1
saytan1,whbwar2,1
saytan1,yebela1,1
scadov1,bbwduc,1
scadov1,bkcdon,1
scadov1,bncfly,1
scadov1,bobfly1,1
scadov1,camfli1,1
scadov1,chobla1,1
scadov1,epaori4,1
scadov1,flawar1,1
scadov1,fusfly1,1
scadov1,relser1,1
scadov1,rufhor2,1
scadov1,swthum1,1
scadov1,trokin,1
scadov1,yebela1,1
schpar1,bufpar,1
schpar1,fepowl,1
grasal3,crbthr1,1
grasal3,epaori4,1
glteme1,stbwoo2,1
glteme1,swthum1,1
glteme1,thlwre1,1
glteme1,varant1,1
glteme1,yebela1,1
grasal3,ashgre1,1
grasal3,astcra1,1
scther1,undtin1,1
shcfly1,ashgre1,1
shcfly1,bkcdon,1
schpar1,paltan1,1
schpar1,plasla1,1
schpar1,plcjay1,1
schpar1,roahaw,1
schpar1,souscr1,1
schpar1,whbwar2,1
schpar1,yecmac,1
scther1,grekis,1
scther1,rufgna3,1
blchaw1,roahaw,1
blchaw1,smbani,1
blchaw1,thlwre1,1
scadov1,plcjay1,1
glteme1,rufhor2,1
glteme1,ruftof1,1
glteme1,rutjac1,1
glteme1,saytan1,1
glteme1,sibtan2,1
shcfly1,rinkin1,1
blheag1,banana,1
blheag1,fepowl,1
blheag1,mabpar,1
blheag1,socfly1,1
blheag1,yeofly1,1
blttit1,chobla1,1
blttit1,coffal1,1
blttit1,crebec1,1
scther1,souant1,1
scther1,spbant3,1
shcfly1,trsowl,1
bkcdon,wfwduc1,1
shcfly1,bufpar,1
shcfly1,crbthr1,1
shcfly1,epaori4,1
shcfly1,gilhum1,1
shcfly1,greani1,1
shcfly1,orwpar,1
shcfly1,paltan1,1
shcfly1,pvttyr1,1
grasal3,camfli1,1
glteme1,greant1,1
glteme1,lesela1,1
glteme1,paltan1,1
glteme1,pvttyr1,1
glteme1,rubthr1,1
blchaw1,greant1,1
blchaw1,horscr1,1
blchaw1,picpig2,1
shtnig1,bobfly1,1
shtnig1,crbthr1,1
shtnig1,gycwor1,1
shcfly1,rufcas2,1
shcfly1,ruftof1,1
shcfly1,rutjac1,1
shcfly1,sabspa1,1
shcfly1,saffin,1
shcfly1,scadov1,1
shcfly1,smbani,1
shcfly1,sobtyr1,1
shcfly1,strcuc1,1
shcfly1,trokin,1
chvcon1,masgna1,1
chvcon1,plasla1,1
chvcon1,platyr1,1
chvcon1,pvttyr1,1
chvcon1,rinkin1,1
giwrai1,yecpar,1
glteme1,bkcdon,1
glteme1,bncfly,1
sibtan2,bunibi1,1
sibtan2,chobla1,1
bkhpar,bkhpar,1
bkhpar,chobla1,1
bkhpar,grasal3,1
bkhpar,pluibi1,1
blchaw1,bucmot4,1
blchaw1,bunibi1,1
shtnig1,rubthr1,1
shtnig1,rufhor2,1
shtnig1,rufnig1,1
shtnig1,saffin,1
shtnig1,socfly1,1
shtnig1,trokin,1
shtnig1,trsowl,1
shtnig1,yebela1,1
sibtan2,ashgre1,1
sibtan2,astcra1,1
glteme1,smbani,1
chvcon1,fabwre1,1
chvcon1,glteme1,1
chvcon1,grasal3,1
chvcon1,greela,1
chvcon1,gretho2,1
smbani,glteme1,1
smbani,gretho2,1
sibtan2,coffal1,1
sibtan2,fepowl,1
sibtan2,glteme1,1
sibtan2,grasal3,1
sibtan2,grekis,1
sibtan2,linwoo1,1
sibtan2,paltan1,1
sibtan2,relser1,1
sibtan2,sabspa1,1
sibtan2,saytan1,1
sibtan2,scadov1,1
sibtan2,shcfly1,1
sibtan2,sibtan2,1
sibtan2,smbani,1
giwrai1,saffin,1
giwrai1,scadov1,1
giwrai1,stbwoo2,1
giwrai1,undtin1,1
giwrai1,yebela1,1
smbtin1,burowl,1
sibtan2,sobcac1,1
sibtan2,sobtyr1,1
sibtan2,sofspi1,1
sibtan2,strcuc1,1
sibtan2,thlwre1,1
sibtan2,toctou1,1
sibtan2,whiwoo1,1
smbani,banana,1
smbani,baymac,1
smbani,fepowl,1
bkcdon,ruther1,1
bkcdon,saffin,1
smbani,larela1,1
smbani,litcuc2,1
smbani,pirfly1,1
smbani,plcjay1,1
smbani,saffin,1
smbani,scadov1,1
smbani,spispi1,1
smbani,whtdov,1
smbani,yecpar,1
glteme1,bunibi1,1
giwrai1,bunibi1,1
giwrai1,grasal3,1
giwrai1,limpki,1
giwrai1,rumfly1,1
gilhum1,thlwre1,1
gilhum1,toctou1,1
gilhum1,trokin,1
gilhum1,whbwar2,1
sobcac1,pirfly1,1
smbtin1,flawar1,1
smbtin1,grekis,1
smbtin1,roahaw,1
smbtin1,rumfly1,1
smbtin1,sofspi1,1
smbtin1,thlwre1,1
smbtin1,trokin,1
smbtin1,trsowl,1
smbtin1,whtdov,1
sobcac1,astcra1,1
sobcac1,bcwfin2,1
bkcdon,sibtan2,1
bkcdon,socfly1,1
bkcdon,squcuc1,1
bkcdon,stbwoo2,1
bkcdon,watjac1,1
chvcon1,crbthr1,1
chvcon1,eulfly1,1
gilhum1,greant1,1
gilhum1,masgna1,1
gilhum1,oliwoo1,1
gilhum1,picpig2,1
gilhum1,plasla1,1
gilhum1,rufhor2,1
gilhum1,rutjac1,1
gilhum1,shcfly1,1
gilhum1,smbani,1
sobcac1,roahaw,1
sobcac1,ruther1,1
sobcac1,sibtan2,1
sobcac1,soulap1,1
sobcac1,stbwoo2,1
sobcac1,trokin,1
sobcac1,undtin1,1
sobtyr1,banana,1
sobtyr1,barant1,1
sobtyr1,baymac,1
sobtyr1,bkcdon,1
sobtyr1,bufpar,1
sobtyr1,bunibi1,1
sobtyr1,chbmoc1,1
sobtyr1,chobla1,1
sobtyr1,crbthr1,1
sobtyr1,ruftof1,1
sobtyr1,rumfly1,1
sobtyr1,rutjac1,1
sobtyr1,saytan1,1
sobtyr1,eulfly1,1
sobtyr1,flawar1,1
sobtyr1,fusfly1,1
sobtyr1,gilhum1,1
sobtyr1,gretho2,1
sobtyr1,grfdov1,1
sobtyr1,lesela1,1
sobtyr1,oliwoo1,1
sobtyr1,picpig2,1
sobtyr1,purjay1,1
bkcdon,barant1,1
bkcdon,bunibi1,1
fusfly1,toctou1,1
fusfly1,yebela1,1
fusfly1,yeofly1,1
gilhum1,ashgre1,1
gilhum1,banana,1
gilhum1,brcmar1,1
gilhum1,bunibi1,1
gilhum1,chvcon1,1
socfly1,bucmot4,1
bkcdon,fepowl,1
bkcdon,grasal3,1
bkcdon,greani1,1
bkcdon,pirfly1,1
bkcdon,pluibi1,1
bkcdon,rubthr1,1
bkcdon,rufcac2,1
socfly1,linwoo1,1
socfly1,palhor3,1
socfly1,paltan1,1
socfly1,plasla1,1
socfly1,rebscy1,1
socfly1,rubthr1,1
socfly1,rufhor2,1
socfly1,ruftof1,1
sobtyr1,shcfly1,1
sobtyr1,sobtyr1,1
sobtyr1,socfly1,1
sobtyr1,tattin1,1
sobtyr1,varant1,1
gilhum1,y00678,1
giwrai1,bucpar,1
fusfly1,tattin1,1
chvcon1,smbtin1,1
chvcon1,sobtyr1,1
chvcon1,sofspi1,1
chvcon1,soulap1,1
chvcon1,stbwoo2,1
chvcon1,swthum1,1
chvcon1,trokin,1
chvcon1,whwpic1,1
chvcon1,yebela1,1
fusfly1,saffin,1
fusfly1,sobtyr1,1
fusfly1,spbant3,1
socfly1,flawar1,1
socfly1,glteme1,1
socfly1,grfdov1,1
socfly1,gycwor1,1
bcwfin2,yecmac,1
bkcdon,ashgre1,1
sofspi1,camfli1,1
sofspi1,epaori4,1
socfly1,spbant3,1
socfly1,strcuc1,1
socfly1,swthum1,1
socfly1,undtin1,1
socfly1,yeofly1,1
sofspi1,banana,1
sofspi1,bcwfin2,1
sofspi1,brcmar1,1
sofspi1,bucpar,1
gilhum1,glteme1,1
gilhum1,grasal3,1
chvcon1,smbani,1
fusfly1,orwpar,1
fusfly1,pirfly1,1
fusfly1,purjay1,1
fusfly1,pvttyr1,1
fusfly1,relser1,1
fusfly1,roahaw,1
sofspi1,socfly1,1
sofspi1,sofspi1,1
bcwfin2,houspa,1
bcwfin2,picpig2,1
bcwfin2,recfin1,1
bcwfin2,relser1,1
bcwfin2,saytan1,1
bcwfin2,sofspi1,1
bcwfin2,tattin1,1
bcwfin2,whtdov,1
souant1,orwpar,1
sofspi1,eulfly1,1
sofspi1,masgna1,1
sofspi1,oliwoo1,1
sofspi1,pabspi1,1
sofspi1,palhor3,1
sofspi1,plcjay1,1
sofspi1,roahaw,1
sofspi1,rutjac1,1
sofspi1,saytan1,1
sofspi1,shcfly1,1
fusfly1,gilhum1,1
fusfly1,glteme1,1
fusfly1,grasal3,1
fusfly1,grfdov1,1
fusfly1,masgna1,1
fotfly,yebela1,1
fusfly1,banana,1
fusfly1,bncfly,1
fusfly1,chobla1,1
fusfly1,crbthr1,1
soulap1,nacnig1,1
soulap1,orwpar,1
sofspi1,spispi1,1
sofspi1,swtman1,1
sofspi1,toctou1,1
sofspi1,undtin1,1
sofspi1,y00678,1
sofspi1,yeofly1,1
souant1,banana,1
souant1,glteme1,1
souant1,grekis,1
souant1,sibtan2,1
souant1,strcuc1,1
souant1,undtin1,1
souant1,yecpar,1
souant1,yeofly1,1
soulap1,bkcdon,1
soulap1,bncfly,1
soulap1,chobla1,1
soulap1,greant1,1
soulap1,greyel,1
soulap1,grfdov1,1
fusfly1,rufcas2,1
chvcon1,rutjac1,1
fotfly,scadov1,1
fotfly,spispi1,1
fotfly,strcuc1,1
soulap1,souscr1,1
soulap1,thlwre1,1
soulap1,paltan1,1
soulap1,picpig2,1
soulap1,pirfly1,1
soulap1,recfin1,1
soulap1,roahaw,1
soulap1,rubthr1,1
soulap1,rufhor2,1
soulap1,rumfly1,1
soulap1,rutjac1,1
soulap1,scadov1,1
soulap1,sobtyr1,1
soulap1,socfly1,1
bbwduc,scadov1,1
bbwduc,smbani,1
flawar1,yebela1,1
fotfly,bunibi1,1
fotfly,chbmoc1,1
fotfly,chobla1,1
fotfly,crbthr1,1
fotfly,grekis,1
fotfly,pirfly1,1
fotfly,relser1,1
fotfly,rufhor2,1
bbwduc,strcuc1,1
bbwduc,watjac1,1
bcwfin2,banana,1
bcwfin2,crbthr1,1
bcwfin2,eulfly1,1
bcwfin2,greant1,1
soulap1,soulap1,1
soulap1,wfwduc1,1
souscr1,baymac,1
souscr1,camfli1,1
souscr1,fepowl,1
souscr1,grasal3,1
souscr1,grfdov1,1
souscr1,masgna1,1
souscr1,rutjac1,1
souscr1,shcfly1,1
fusfly1,eulfly1,1
fusfly1,flawar1,1
flawar1,thlwre1,1
flawar1,trokin,1
flawar1,varant1,1
flawar1,whlspi1,1
flawar1,whwpic1,1
spispi1,oliwoo1,1
spispi1,picpig2,1
spispi1,saytan1,1
spispi1,scadov1,1
souscr1,wfwduc1,1
spbant3,barant1,1
spbant3,bucmot4,1
spbant3,oliwoo1,1
spbant3,schpar1,1
spbant3,whbant2,1
spbant3,yeofly1,1
spispi1,banana,1
spispi1,camfli1,1
spispi1,chobla1,1
spispi1,crbthr1,1
spispi1,eulfly1,1
flawar1,rufcas2,1
flawar1,rufgna3,1
flawar1,ruftof1,1
flawar1,rumfly1,1
flawar1,scadov1,1
flawar1,smbani,1
flawar1,soulap1,1
squcuc1,bufpar,1
baymac,wfwduc1,1
bbwduc,astcra1,1
bbwduc,bbwduc,1
bbwduc,bkcdon,1
bbwduc,houspa,1
bbwduc,rubthr1,1
bbwduc,ruftof1,1
spispi1,mabpar,1
squcuc1,rutjac1,1
spispi1,schpar1,1
spispi1,sobtyr1,1
spispi1,socfly1,1
spispi1,sofspi1,1
spispi1,spispi1,1
spispi1,whbwar2,1
spispi1,whtdov,1
spispi1,yeofly1,1
squcuc1,bncfly,1
squcuc1,bobfly1,1
fotfly,saffin,1
flawar1,phecuc1,1
flawar1,plcjay1,1
flawar1,recfin1,1
flawar1,redjun,1
squcuc1,whnjay1,1
squcuc1,yebela1,1
stbwoo2,ashgre1,1
stbwoo2,barant1,1
stbwoo2,baymac,1
stbwoo2,bucmot4,1
squcuc1,chobla1,1
squcuc1,epaori4,1
squcuc1,fepowl,1
squcuc1,flawar1,1
squcuc1,masgna1,1
squcuc1,orwpar,1
squcuc1,rinkin1,1
squcuc1,roahaw,1
squcuc1,rubthr1,1
squcuc1,ruftof1,1
stbwoo2,flawar1,1
stbwoo2,fusfly1,1
stbwoo2,grasal3,1
stbwoo2,greani1,1
stbwoo2,grfdov1,1
stbwoo2,litcuc2,1
stbwoo2,masgna1,1
stbwoo2,oliwoo1,1
stbwoo2,orbtro3,1
squcuc1,schpar1,1
squcuc1,shcfly1,1
squcuc1,smbtin1,1
squcuc1,socfly1,1
squcuc1,sofspi1,1
squcuc1,strcuc1,1
squcuc1,whbwar2,1
cibspi1,rutjac1,1
cibspi1,scadov1,1
cibspi1,smbani,1
cibspi1,strcuc1,1
cibspi1,thlwre1,1
cibspi1,undtin1,1
flawar1,flawar1,1
flawar1,grasal3,1
flawar1,greant1,1
stbwoo2,squcuc1,1
stbwoo2,stbwoo2,1
stbwoo2,bunibi1,1
stbwoo2,chobla1,1
stbwoo2,chvcon1,1
stbwoo2,compau,1
stbwoo2,fepowl,1
stbwoo2,plasla1,1
stbwoo2,pluibi1,1
stbwoo2,rinkin1,1
stbwoo2,rufhor2,1
stbwoo2,ruther1,1
stbwoo2,rutjac1,1
stbwoo2,scadov1,1
stbwoo2,shcfly1,1
stbwoo2,sobtyr1,1
stbwoo2,socfly1,1
stbwoo2,sofspi1,1
flawar1,squcuc1,1
flawar1,swtman1,1
cibspi1,gilhum1,1
cibspi1,grasal3,1
cibspi1,ruftho1,1
strcuc1,bufpar,1
strcuc1,chbmoc1,1
strcuc1,chvcon1,1
strcuc1,cibspi1,1
stbwoo2,swthum1,1
stbwoo2,tattin1,1
stbwoo2,whwpic1,1
stbwoo2,yebela1,1
stbwoo2,yecpar,1
stbwoo2,yeofly1,1
strcuc1,astcra1,1
strcuc1,batbel1,1
strcuc1,bcwfin2,1
strcuc1,bobfly1,1
baymac,pirfly1,1
stbwoo2,paltan1,1
flawar1,bucmot4,1
flawar1,bufpar,1
flawar1,bunibi1,1
flawar1,chacha1,1
flawar1,eulfly1,1
flawar1,fabwre1,1
cibspi1,barant1,1
cibspi1,bufpar,1
strcuc1,shcfly1,1
strcuc1,sibtan2,1
baymac,rutjac1,1
baymac,shcfly1,1
baymac,smbani,1
baymac,sobcac1,1
baymac,soulap1,1
strcuc1,bucpar,1
strcuc1,fepowl,1
strcuc1,fotfly,1
strcuc1,glteme1,1
strcuc1,greant1,1
strcuc1,magant1,1
strcuc1,orwpar,1
strcuc1,paltan1,1
strcuc1,recfin1,1
strcuc1,redjun,1
strcuc1,rufcac2,1
strcuc1,rumfly1,1
strcuc1,saffin,1
strcuc1,saytan1,1
flawar1,limpki,1
flawar1,ashgre1,1
flawar1,bkcdon,1
strher2,saffin,1
strher2,smbani,1
batbel1,varant1,1
batbel1,yeofly1,1
baymac,astcra1,1
baymac,barant1,1
baymac,bkcdon,1
baymac,bkhpar,1
baymac,fepowl,1
baymac,grfdov1,1
baymac,houspa,1
baymac,paltan1,1
strcuc1,smbtin1,1
strcuc1,spispi1,1
strcuc1,squcuc1,1
strcuc1,strcuc1,1
swthum1,bncfly,1
swthum1,lesela1,1
swthum1,paltan1,1
swthum1,rebscy1,1
swthum1,rumfly1,1
strcuc1,tattin1,1
strcuc1,thlwre1,1
strcuc1,whwpic1,1
strher2,chobla1,1
strher2,coffal1,1
strher2,greani1,1
strher2,grfdov1,1
strher2,larela1,1
strher2,pabspi1,1
strher2,picpig2,1
strher2,redjun,1
batbel1,greani1,1
batbel1,grekis,1
batbel1,mabpar,1
batbel1,paltan1,1
batbel1,pirfly1,1
batbel1,plasla1,1
batbel1,rufgna3,1
batbel1,scther1,1
batbel1,shtnig1,1
swthum1,soulap1,1
strher2,wfwduc1,1
strher2,whtdov,1
strher2,yebela1,1
strowl1,compot1,1
strowl1,saffin,1
strowl1,trsowl,1
fepowl,plasla1,1
fepowl,ruftof1,1
fepowl,scadov1,1
fepowl,shcfly1,1
fepowl,socfly1,1
fepowl,souant1,1
fepowl,soulap1,1
fepowl,stbwoo2,1
fepowl,strcuc1,1
fepowl,swtman1,1
ficman1,grekis,1
swthum1,scadov1,1
barant1,yeofly1,1
batbel1,baffal1,1
batbel1,batbel1,1
batbel1,eulfly1,1
tattin1,rinkin1,1
tattin1,rufgna3,1
swthum1,yecpar,1
swtman1,greela,1
swtman1,picpig2,1
swtman1,plasla1,1
swtman1,schpar1,1
swtman1,scther1,1
swtman1,socfly1,1
swtman1,soulap1,1
swtman1,squcuc1,1
swtman1,tattin1,1
cibspi1,chacha1,1
cibspi1,chobla1,1
fepowl,paltan1,1
fepowl,picpig2,1
barant1,varant1,1
tattin1,sobtyr1,1
tattin1,stbwoo2,1
tattin1,strcuc1,1
tattin1,thlwre1,1
tattin1,trokin,1
tattin1,banana,1
tattin1,bufpar,1
tattin1,crbthr1,1
tattin1,flawar1,1
tattin1,glteme1,1
tattin1,gretho2,1
tattin1,mabpar,1
tattin1,picpig2,1
tattin1,pirfly1,1
tattin1,purjay1,1
thlwre1,greani1,1
thlwre1,gretho2,1
thlwre1,horscr1,1
thlwre1,houspa,1
thlwre1,larela1,1
thlwre1,litcuc2,1
thlwre1,oliwoo1,1
tattin1,rufhor2,1
tattin1,rufnig1,1
tattin1,rumfly1,1
tattin1,scadov1,1
barant1,smbani,1
barant1,sobtyr1,1
barant1,squcuc1,1
barant1,swthum1,1
barant1,tattin1,1
fabwre1,wesfie1,1
fabwre1,yecpar,1
fepowl,banana,1
fepowl,batbel1,1
fepowl,baymac,1
fepowl,chobla1,1
fepowl,epaori4,1
fepowl,fepowl,1
fepowl,greela,1
thlwre1,yeofly1,1
tattin1,undtin1,1
tattin1,whtdov,1
thlwre1,banana,1
thlwre1,blttit1,1
thlwre1,bobfly1,1
thlwre1,fabwre1,1
toctou1,magtan2,1
thlwre1,picpig2,1
thlwre1,relser1,1
thlwre1,roahaw,1
thlwre1,rubthr1,1
thlwre1,rutjac1,1
thlwre1,saffin,1
thlwre1,scadov1,1
thlwre1,smbani,1
thlwre1,stbwoo2,1
thlwre1,strcuc1,1
thlwre1,tattin1,1
thlwre1,thlwre1,1
ficman1,orwpar,1
fabwre1,stbwoo2,1
fabwre1,tattin1,1
toctou1,ragmac1,1
toctou1,recfin1,1
toctou1,relser1,1
toctou1,rubthr1,1
toctou1,rutjac1,1
toctou1,saytan1,1
toctou1,banana,1
toctou1,bobfly1,1
barant1,masgna1,1
barant1,orwpar,1
barant1,rubthr1,1
barant1,ruftof1,1
barant1,rutjac1,1
toctou1,bufpar,1
toctou1,bunibi1,1
toctou1,glteme1,1
fabwre1,crbthr1,1
fabwre1,epaori4,1
fabwre1,flawar1,1
fabwre1,greant1,1
fabwre1,grhtan1,1
fabwre1,oliwoo1,1
fabwre1,roahaw,1
fabwre1,rufcac2,1
fabwre1,rufhor2,1
fabwre1,socfly1,1
trokin,bufpar,1
trokin,chacha1,1
toctou1,masgna1,1
toctou1,oliwoo1,1
toctou1,plasla1,1
toctou1,purjay1,1
trokin,soulap1,1
toctou1,soulap1,1
toctou1,souscr1,1
toctou1,spbant3,1
toctou1,strcuc1,1
toctou1,swthum1,1
toctou1,swtman1,1
toctou1,whwpic1,1
toctou1,yebcar,1
toctou1,yeofly1,1
trokin,bkcdon,1
trokin,bobfly1,1
fepowl,grhtan1,1
fepowl,masgna1,1
fabwre1,chacha1,1
fabwre1,chobla1,1
barant1,bobfly1,1
barant1,fabwre1,1
barant1,fepowl,1
barant1,flawar1,1
trokin,strcuc1,1
trokin,thlwre1,1
trokin,watjac1,1
trokin,wfwduc1,1
trokin,chbmoc1,1
trokin,crbthr1,1
trokin,greani1,1
trokin,grfdov1,1
trokin,gycwor1,1
trokin,pabspi1,1
trokin,rinkin1,1
trokin,sofspi1,1
coffal1,bncfly,1
coffal1,bobfly1,1
coffal1,bunibi1,1
coffal1,crbthr1,1
coffal1,fabwre1,1
coffal1,flawar1,1
coffal1,fusfly1,1
coffal1,glteme1,1
coffal1,grekis,1
trsowl,saytan1,1
trsowl,smbtin1,1
banana,yeofly1,1
barant1,ashgre1,1
barant1,baymac,1
barant1,bbwduc,1
barant1,bncfly,1
undtin1,linwoo1,1
undtin1,litnig1,1
undtin1,orwpar,1
trsowl,bobfly1,1
trsowl,bunibi1,1
trsowl,chobla1,1
trsowl,coffal1,1
trsowl,eulfly1,1
trsowl,grepot1,1
trsowl,masgna1,1
trsowl,rufcas2,1
trsowl,rutjac1,1
fabwre1,sofspi1,1
fabwre1,souscr1,1
eulfly1,tattin1,1
cibspi1,yecpar,1
undtin1,rumfly1,1
undtin1,smbtin1,1
undtin1,sobtyr1,1
undtin1,socfly1,1
undtin1,sofspi1,1
undtin1,souant1,1
undtin1,soulap1,1
trsowl,spispi1,1
trsowl,trokin,1
trsowl,trsowl,1
trsowl,whtdov,1
undtin1,batbel1,1
undtin1,bucmot4,1
undtin1,fepowl,1
undtin1,grfdov1,1
undtin1,hyamac1,1
eulfly1,plcjay1,1
eulfly1,rufcas2,1
eulfly1,rufhor2,1
eulfly1,rufnig1,1
eulfly1,saffin,1
eulfly1,scadov1,1
eulfly1,schpar1,1
eulfly1,scther1,1
eulfly1,sobtyr1,1
banana,rutjac1,1
banana,saytan1,1
undtin1,palhor3,1
undtin1,phecuc1,1
undtin1,purjay1,1
undtin1,rebscy1,1
undtin1,rufcas2,1
varant1,rivwar1,1
varant1,scadov1,1
undtin1,strcuc1,1
undtin1,undtin1,1
undtin1,whnjay1,1
undtin1,yecpar,1
varant1,chacha1,1
varant1,flawar1,1
varant1,grfdov1,1
varant1,larela1,1
banana,rebscy1,1
coffal1,mabpar,1
fabwre1,bobfly1,1
eulfly1,grfdov1,1
eulfly1,linwoo1,1
eulfly1,oliwoo1,1
banana,sibtan2,1
banana,soulap1,1
banana,tattin1,1
banana,undtin1,1
varant1,masgna1,1
varant1,purjay1,1
varant1,relser1,1
eulfly1,socfly1,1
eulfly1,spbant3,1
coffal1,paltan1,1
coffal1,recfin1,1
coffal1,relser1,1
coffal1,ruftof1,1
coffal1,scadov1,1
coffal1,smbtin1,1
coffal1,swtman1,1
wesfie1,greant1,1
wesfie1,plcjay1,1
wesfie1,rebscy1,1
varant1,shcfly1,1
varant1,soulap1,1
varant1,undtin1,1
varant1,yecpar,1
watjac1,banana,1
watjac1,baymac,1
watjac1,bbwduc,1
watjac1,bufpar,1
watjac1,camfli1,1
watjac1,greani1,1
watjac1,horscr1,1
watjac1,pabspi1,1
watjac1,palhor3,1
wfwduc1,houspa,1
wfwduc1,picpig2,1
wfwduc1,rubthr1,1
wfwduc1,socfly1,1
banana,bkcdon,1
banana,chacha1,1
watjac1,rinkin1,1
watjac1,rufhor2,1
watjac1,rumfly1,1
watjac1,souscr1,1
watjac1,undtin1,1
watjac1,watjac1,1
watjac1,whtdov,1
wesfie1,bobfly1,1
wesfie1,crbthr1,1
wesfie1,ficman1,1
epaori4,trokin,1
epaori4,whwpic1,1
epaori4,yebela1,1
eulfly1,ashgre1,1
eulfly1,banana,1
eulfly1,bkcdon,1
eulfly1,bunibi1,1
eulfly1,chvcon1,1
whbant2,saffin,1
wesfie1,sibtan2,1
wesfie1,smbtin1,1
wesfie1,undtin1,1
wfwduc1,bbwduc,1
wfwduc1,compau,1
wfwduc1,greant1,1
wfwduc1,greyel,1
whbwar2,whtdov,1
whiwoo1,barant1,1
banana,epaori4,1
banana,fepowl,1
banana,flawar1,1
banana,lesela1,1
banana,orwpar,1
banana,plcjay1,1
banana,pvttyr1,1
wfwduc1,whtdov,1
wfwduc1,yebela1,1
whbant2,grfdov1,1
eulfly1,giwrai1,1
eulfly1,greant1,1
epaori4,ruftof1,1
epaori4,scadov1,1
whiwoo1,rubthr1,1
whiwoo1,scadov1,1
whiwoo1,smbani,1
whiwoo1,smbtin1,1
whiwoo1,sobtyr1,1
whiwoo1,sofspi1,1
whbant2,schpar1,1
whbant2,swtman1,1
whbant2,varant1,1
whbant2,whbwar2,1
whbant2,yeofly1,1
whbwar2,grasal3,1
whbwar2,mabpar,1
whbwar2,redjun,1
whbwar2,sofspi1,1
whbwar2,squcuc1,1
epaori4,bobfly1,1
epaori4,brcmar1,1
epaori4,bucmot4,1
epaori4,bunibi1,1
epaori4,glteme1,1
epaori4,magant1,1
epaori4,oliwoo1,1
epaori4,pvttyr1,1
whlspi1,purjay1,1
whlspi1,rutjac1,1
whiwoo1,bobfly1,1
whiwoo1,epaori4,1
whiwoo1,grasal3,1
whiwoo1,gretho2,1
whiwoo1,linwoo1,1
whiwoo1,pluibi1,1
whiwoo1,soulap1,1
whiwoo1,thlwre1,1
whiwoo1,undtin1,1
whiwoo1,yebela1,1
whlspi1,ashgre1,1
whlspi1,banana,1
whlspi1,crbthr1,1
whlspi1,greani1,1
whlspi1,hyamac1,1
whlspi1,palhor3,1
whlspi1,picpig2,1
whlspi1,plasla1,1
coffal1,orbtro3,1
epaori4,barant1,1
epaori4,baymac,1
epaori4,bcwfin2,1
baffal1,oliwoo1,1
baffal1,phecuc1,1
baffal1,redjun,1
baffal1,roahaw,1
baffal1,rubthr1,1
baffal1,shtnig1,1
baffal1,sibtan2,1
baffal1,smbani,1
baffal1,swtman1,1
baffal1,trokin,1
baffal1,varant1,1
baffal1,yeofly1,1
whlspi1,squcuc1,1
whlspi1,strcuc1,1
whlspi1,yeofly1,1
whnjay1,banana,1
whtdov,purjay1,1
whnjay1,bncfly,1
whnjay1,bobfly1,1
whnjay1,bufpar,1
whnjay1,fepowl,1
whnjay1,plasla1,1
whnjay1,rufhor2,1
whnjay1,saffin,1
whnjay1,scadov1,1
whnjay1,sobtyr1,1
whnjay1,squcuc1,1
whnjay1,undtin1,1
whnjay1,yecpar,1
whtdov,barant1,1
whtdov,bucmot4,1
whtdov,bucpar,1
whtdov,scadov1,1
whtdov,schpar1,1
whtdov,sobcac1,1
whtdov,sobtyr1,1
bafcur1,banana,1
bafcur1,barant1,1
bafcur1,chacha1,1
whtdov,epaori4,1
whtdov,fabwre1,1
whtdov,giwrai1,1
whtdov,glteme1,1
whtdov,greani1,1
whtdov,greant1,1
whtdov,orbtro3,1
whtdov,orwpar,1
whtdov,palhor3,1
crebec1,grasal3,1
crebec1,linwoo1,1
crebec1,orwpar,1
crebec1,palhor3,1
crebec1,redjun,1
crebec1,rivwar1,1
crebec1,socfly1,1
whtdov,strcuc1,1
whtdov,strher2,1
whtdov,pvttyr1,1
whtdov,rufcac2,1
whtdov,rufcas2,1
whtdov,ruftof1,1
whtdov,rumfly1,1
whtdov,rutjac1,1
whtdov,saffin,1
bafcur1,limpki,1
bafcur1,paltan1,1
bafcur1,trokin,1
bafcur1,whtdov,1
baffal1,bobfly1,1
baffal1,coffal1,1
baffal1,compau,1
baffal1,litnig1,1
baffal1,mabpar,1
whtdov,spispi1,1
epaori4,rubthr1,1
epaori4,rufhor2,1
crbthr1,undtin1,1
crbthr1,yeofly1,1
crebec1,camfli1,1
crebec1,fotfly,1
whwpic1,shcfly1,1
whwpic1,sibtan2,1
whwpic1,stbwoo2,1
whtdov,swtman1,1
whtdov,thlwre1,1
whtdov,toctou1,1
whtdov,varant1,1
whtdov,y00678,1
whtdov,yebcar,1
whtdov,yecmac,1
whtdov,yeofly1,1
whwpic1,brcmar1,1
whwpic1,chvcon1,1
whwpic1,crebec1,1
whwpic1,eulfly1,1
whwpic1,flawar1,1
compau,baymac,1
compau,bncfly,1
compau,bucmot4,1
compau,chacha1,1
compau,grekis,1
compau,grepot1,1
crbthr1,soulap1,1
y00678,sibtan2,1
whwpic1,greani1,1
whwpic1,grhtan1,1
whwpic1,litcuc2,1
whwpic1,masgna1,1
whwpic1,orwpar,1
whwpic1,ruftof1,1
whwpic1,rumfly1,1
whwpic1,rutjac1,1
whwpic1,thlwre1,1
whwpic1,yecpar,1
y00678,barant1,1
y00678,bbwduc,1
y00678,bncfly,1
y00678,fabwre1,1
y00678,fepowl,1
y00678,grasal3,1
y00678,pvttyr1,1
y00678,rubthr1,1
y00678,rumfly1,1
crebec1,strcuc1,1
epaori4,astcra1,1
coffal1,yebela1,1
coffal1,yeofly1,1
compau,47144,1
yebela1,fepowl,1
astcra1,linwoo1,1
y00678,socfly1,1
y00678,soulap1,1
y00678,tattin1,1
y00678,toctou1,1
y00678,wfwduc1,1
yebcar,bunibi1,1
yebcar,chobla1,1
yebcar,compau,1
yebcar,grasal3,1
yebcar,gretho2,1
yebcar,gycwor1,1
yebcar,pvttyr1,1
yebcar,rubthr1,1
yebcar,rufhor2,1
astcra1,whtdov,1
yebela1,fotfly,1
yebela1,gilhum1,1
yebela1,glteme1,1
yebcar,saffin,1
yebcar,sobcac1,1
yebcar,soulap1,1
yebcar,thlwre1,1
yebcar,yecpar,1
yebela1,banana,1
yebela1,barant1,1
yebela1,batbel1,1
yebela1,bunibi1,1
yebela1,chbmoc1,1
yebela1,chobla1,1
yebela1,crbthr1,1
crbthr1,grfdov1,1
crbthr1,litnig1,1
crbthr1,masgna1,1
crbthr1,purjay1,1
crbthr1,ruftho1,1
crbthr1,rumfly1,1
crbthr1,shcfly1,1
astcra1,rinkin1,1
astcra1,roahaw,1
astcra1,rufhor2,1
astcra1,shcfly1,1
astcra1,sibtan2,1
astcra1,smbani,1
astcra1,soulap1,1
astcra1,strcuc1,1
astcra1,trokin,1
yebela1,greant1,1
yebela1,grfdov1,1
yebela1,gycwor1,1
yebela1,larela1,1
yebela1,paltan1,1
yebela1,redjun,1
yebela1,rufhor2,1
yebela1,ruftho1,1
yebela1,schpar1,1
yebela1,shcfly1,1
yebela1,smbtin1,1
crbthr1,swthum1,1
crbthr1,tattin1,1
crbthr1,fotfly,1
crbthr1,grasal3,1
crbthr1,gretho2,1
yecpar,bobfly1,1
yecpar,bufpar,1
yebela1,spispi1,1
yebela1,squcuc1,1
yebela1,strcuc1,1
yebela1,yebela1,1
yecmac,blchaw1,1
yecmac,bufpar,1
yecmac,camfli1,1
yecmac,glteme1,1
yecmac,greant1,1
yecmac,linwoo1,1
yecmac,rufcac2,1
yecmac,swthum1,1
ashgre1,shcfly1,1
ashgre1,sibtan2,1
crbthr1,banana,1
crbthr1,barant1,1
crbthr1,batbel1,1
crbthr1,compot1,1
ashgre1,smbtin1,1
ashgre1,sobtyr1,1
ashgre1,undtin1,1
ashgre1,watjac1,1
ashgre1,wesfie1,1
ashgre1,yebela1,1
ashgre1,yecpar,1
ashgre1,yeofly1,1
astcra1,chbmoc1,1
astcra1,giwrai1,1
yecmac,undtin1,1
yecpar,barant1,1
yecpar,bunibi1,1
yecpar,chvcon1,1
yecpar,grasal3,1
yecpar,orbtro3,1
yecpar,orwpar,1
yecpar,palhor3,1
yecpar,paltan1,1
yecpar,rebscy1,1
yecpar,relser1,1
yecpar,rubthr1,1
coffal1,thlwre1,1
compau,undtin1,1
compau,whtdov,1
compot1,fepowl,1
compot1,rufnig1,1
compot1,shtnig1,1
yeofly1,ruftof1,1
yeofly1,whnjay1,1
23158,saffin,1
yeofly1,whwpic1,1
ashgre1,chvcon1,1
yecpar,smbani,1
yecpar,souscr1,1
yecpar,strcuc1,1
yecpar,swthum1,1
yecpar,whnjay1,1
yecpar,yecmac,1
yeofly1,47144,1
yeofly1,ashgre1,1
yeofly1,batbel1,1
yeofly1,blttit1,1
yeofly1,bncfly,1
yeofly1,scther1,1
ashgre1,fabwre1,1
ashgre1,fepowl,1
ashgre1,flawar1,1
ashgre1,greela,1
ashgre1,grekis,1
ashgre1,orwpar,1
ashgre1,picpig2,1
ashgre1,pvttyr1,1
ashgre1,ragmac1,1
ashgre1,roahaw,1
65380,rufhor2,1
yeofly1,masgna1,1
yeofly1,oliwoo1,1
compau,soulap1,1
25092,saffin,1
yeofly1,trokin,1
compau,relser1,1
compau,rufnig1,1
compau,saffin,1
compau,shtnig1,1
yeofly1,yebela1,1
65380,grasal3,1
25092,rufhor2,1
25092,picpig2,1
25092,23158,1
24287,roahaw,1
22973,compau,1
yeofly1,palhor3,1
yeofly1,pirfly1,1
compau,trsowl,1
ashgre1,crebec1,1
